alpha,crw_jaccard_mean,crw_jaccard_median,crw_jaccard_p10,crw_spearman_mean,crw_kendall_mean
0.01,0.4523991231532311,0.4117647058823529,0.2631578947368421,0.9046678675160444,0.7762709791734831
0.1,0.4523991231532311,0.4117647058823529,0.2631578947368421,0.9046678675160444,0.7762709791734831
0.2,0.460242364090669,0.44,0.2857142857142857,0.9085683481437012,0.781143530820344
0.3,0.4921096926411569,0.4693877551020408,0.3090909090909091,0.9224973695290364,0.8008552723414066
0.4,0.5382027826198607,0.5,0.3584905660377358,0.9389637425028244,0.8256396279048291
0.5,0.5838552881590345,0.5652173913043478,0.4117647058823529,0.9526472350919428,0.848963411629242
0.6,0.6105456965570593,0.6,0.44,0.9594266354542708,0.8615103733388324
0.7,0.606356830307315,0.6,0.44,0.9588721240874676,0.8599301300925314
0.8,0.5842441577432762,0.5652173913043478,0.4117647058823529,0.953198520122704,0.8494948469173592
0.9,0.5665179178301221,0.5319148936170213,0.3846153846153846,0.9482729759234864,0.8408568895433903
1.0,0.5666044191921391,0.5319148936170213,0.3846153846153846,0.9479670246704976,0.8404902101498918
1.1,0.5682548058234904,0.5319148936170213,0.3846153846153846,0.9488364809649537,0.8420474158537625
1.2,0.5563286800185889,0.5319148936170213,0.3846153846153846,0.9452963247516816,0.8359931822904166
1.3,0.5465016028106093,0.5319148936170213,0.3584905660377358,0.9422646892072576,0.830953703386016
1.4,0.5383923850668854,0.5,0.3584905660377358,0.9396425193320757,0.8266965495403116
1.5,0.531489258138684,0.5,0.3584905660377358,0.9373537115181688,0.8230376488876101
1.8,0.5161587332076193,0.5,0.3333333333333333,0.931973178635662,0.8146775616099713
2.1,0.5056019240682925,0.4693877551020408,0.3333333333333333,0.9281002019578696,0.8088494771151036
2.4,0.4980937201253509,0.4693877551020408,0.3090909090909091,0.9251824326962708,0.804549240854751
2.7,0.4924107810381758,0.4693877551020408,0.3090909090909091,0.922902963448031,0.801235053256405
3.0,0.4878442075947894,0.4693877551020408,0.3090909090909091,0.921074334897109,0.7986040833989358
