alpha,crw_jaccard_mean,crw_jaccard_median,crw_jaccard_p10,crw_spearman_mean,crw_kendall_mean
0.01,0.4523991231532311,0.4117647058823529,0.2631578947368421,0.9046678675160444,0.7762709791734831
0.1,0.4523991231532311,0.4117647058823529,0.2631578947368421,0.9046678675160444,0.7762709791734831
0.2,0.4523991231532311,0.4117647058823529,0.2631578947368421,0.9046678675160444,0.7762709791734831
0.3,0.4523991231532311,0.4117647058823529,0.2631578947368421,0.9046678675160444,0.7762709791734831
0.4,0.4562870545984713,0.4117647058823529,0.2857142857142857,0.9062510425279926,0.7782517516919149
0.5,0.4653415132560581,0.44,0.2857142857142857,0.9101576224520802,0.7836199848003798
0.6,0.4709962021239646,0.44,0.2857142857142857,0.912406338699761,0.7866344417129205
0.7,0.4822158815105178,0.44,0.3090909090909091,0.9176381467919436,0.7937146098990149
0.8,0.4976629274130253,0.4693877551020408,0.3090909090909091,0.9240339974184962,0.8025937434146382
0.9,0.5168455927068849,0.5,0.3333333333333333,0.9312652300806904,0.8138484062413198
1.0,0.5255967981706914,0.5,0.3584905660377358,0.9342088940863412,0.8184214450557686
1.1,0.5219324057982223,0.5,0.3333333333333333,0.9331292348563296,0.816800820958435
1.2,0.5158672183718125,0.5,0.3333333333333333,0.9310860199930264,0.8136132999490511
1.3,0.5117334487779618,0.4693877551020408,0.3333333333333333,0.929890361547418,0.8116064938594045
1.4,0.5101878727828543,0.4693877551020408,0.3333333333333333,0.9294418023588854,0.810945002001988
1.5,0.5057860449694163,0.4693877551020408,0.3333333333333333,0.9278325930355324,0.8085363952841191
1.8,0.4960525979658545,0.4693877551020408,0.3090909090909091,0.9240429978085438,0.8029706925078465
2.1,0.4892246572471491,0.4693877551020408,0.3090909090909091,0.921307513367162,0.7990280003220535
2.4,0.4842174738035488,0.44,0.3090909090909091,0.9192487355915336,0.7961046805609557
2.7,0.4804531460376489,0.44,0.3090909090909091,0.9176390051908898,0.7938399136334602
3.0,0.477590376679539,0.44,0.3090909090909091,0.9163500382081804,0.7920391002717546
