alpha,crw_jaccard_mean,crw_jaccard_median,crw_jaccard_p10,crw_spearman_mean,crw_kendall_mean
0.01,0.4411658363273562,0.4117647058823529,0.2631578947368421,0.8974793742149725,0.7663788949157795
0.1,0.4411658363273562,0.4117647058823529,0.2631578947368421,0.8974793742149725,0.7663788949157795
0.2,0.4411658363273562,0.4117647058823529,0.2631578947368421,0.8974793742149725,0.7663788949157795
0.3,0.4411658363273562,0.4117647058823529,0.2631578947368421,0.8974793742149725,0.7663788949157795
0.4,0.4421633733759054,0.4117647058823529,0.2631578947368421,0.8981153081131137,0.7669854731038722
0.5,0.4464422775480414,0.4117647058823529,0.2631578947368421,0.9008110704805778,0.7700065259817419
0.6,0.4600385841931051,0.44,0.2857142857142857,0.9080027857185868,0.7794049700641327
0.7,0.4758531342383911,0.44,0.3090909090909091,0.9146647552824622,0.7893770945660824
0.8,0.4871895719137825,0.4693877551020408,0.3090909090909091,0.9197179097136284,0.7964385130183786
0.9,0.4855890444925785,0.4693877551020408,0.3090909090909091,0.918797858840801,0.7953648557944873
1.0,0.4809015578235416,0.4693877551020408,0.3090909090909091,0.9167175047437944,0.7923929233195922
1.1,0.482736136483099,0.4693877551020408,0.3090909090909091,0.9180501525497874,0.7932480996421161
1.2,0.4806190521320777,0.44,0.3090909090909091,0.9175609151631658,0.7921733589606843
1.3,0.4773765411288743,0.44,0.3090909090909091,0.9160697940457776,0.7901551234651
1.4,0.4745446296173924,0.44,0.3090909090909091,0.9147829019580036,0.7884261394532647
1.5,0.4721315034672735,0.44,0.2857142857142857,0.9136611524777106,0.786926533551051
1.8,0.4667755719722903,0.44,0.2857142857142857,0.9110241935152372,0.7834314544742297
2.1,0.4629253274828702,0.44,0.2857142857142857,0.9091246213305498,0.7809402212292527
2.4,0.4600847384420501,0.44,0.2857142857142857,0.9076928212557918,0.7790813795301119
2.7,0.4580008174003199,0.44,0.2857142857142857,0.9065780491704803,0.7776444991567991
3.0,0.4562064354422679,0.44,0.2857142857142857,0.9056757419034042,0.7764839987626094
