alpha,crw_jaccard_mean,crw_jaccard_median,crw_jaccard_p10,crw_spearman_mean,crw_kendall_mean
0.01,0.4411658363273562,0.4117647058823529,0.2631578947368421,0.8974793742149725,0.7663788949157795
0.1,0.4411658363273562,0.4117647058823529,0.2631578947368421,0.8974793742149725,0.7663788949157795
0.2,0.4411658363273562,0.4117647058823529,0.2631578947368421,0.8974793742149725,0.7663788949157795
0.3,0.4411658363273562,0.4117647058823529,0.2631578947368421,0.8974793742149725,0.7663788949157795
0.4,0.4411658363273562,0.4117647058823529,0.2631578947368421,0.8974793742149725,0.7663788949157795
0.5,0.4413759331407986,0.4117647058823529,0.2631578947368421,0.8977528592498134,0.766533903868059
0.6,0.4421626959454787,0.4117647058823529,0.2631578947368421,0.8982507126765196,0.7670358970870862
0.7,0.4504585306983326,0.4117647058823529,0.2857142857142857,0.9025875686575634,0.7723946664626222
0.8,0.4607149349961292,0.44,0.2857142857142857,0.907874170154567,0.779406029285483
0.9,0.471286885492216,0.44,0.2857142857142857,0.9135177707599634,0.7868292544770583
1.0,0.4896198523485979,0.4693877551020408,0.3090909090909091,0.921574372957374,0.7981845725606879
1.1,0.5002843524298625,0.4693877551020408,0.3333333333333333,0.9258507208528364,0.8043918265286981
1.2,0.4976443297116694,0.4693877551020408,0.3333333333333333,0.925111222579159,0.8032265800168014
1.3,0.4932946658590796,0.4693877551020408,0.3090909090909091,0.9233213249035872,0.8006188294278006
1.4,0.4898539592729361,0.4693877551020408,0.3090909090909091,0.9220977380823804,0.7985450453110248
1.5,0.4911396973329265,0.4693877551020408,0.3090909090909091,0.9225182227159524,0.7993046623305481
1.8,0.4821294604133961,0.4693877551020408,0.3090909090909091,0.9184198367755686,0.7936225776424441
2.1,0.4757896165430118,0.44,0.3090909090909091,0.9154706945930744,0.7896104237192991
2.4,0.471196070125973,0.44,0.2857142857142857,0.913249264582518,0.7866205344061841
2.7,0.4676040968291977,0.44,0.2857142857142857,0.9115215375089692,0.7843316705333638
3.0,0.4650146361513029,0.44,0.2857142857142857,0.9101324194964536,0.7825020424295672
