alpha,crw_jaccard_mean,crw_jaccard_median,crw_jaccard_p10,crw_spearman_mean,crw_kendall_mean
0.01,0.4523991231532311,0.4117647058823529,0.2631578947368421,0.9046678675160444,0.7762709791734831
0.1,0.4523991231532311,0.4117647058823529,0.2631578947368421,0.9046678675160444,0.7762709791734831
0.2,0.458943098630942,0.4117647058823529,0.2857142857142857,0.9075183855204104,0.7800466901830218
0.3,0.5026887858944041,0.4693877551020408,0.3333333333333333,0.9287236161937796,0.8092059050541138
0.4,0.5585571018373076,0.5319148936170213,0.3846153846153846,0.9484736256091664,0.8402433794418823
0.5,0.6126714362813277,0.6,0.44,0.9634318008338396,0.8676268630477901
0.6,0.6443427675347754,0.6363636363636364,0.4693877551020408,0.9706751590136238,0.882384227278419
0.7,0.6410327808538479,0.6363636363636364,0.4693877551020408,0.9704501328501892,0.8812054135833953
0.8,0.6129963146100083,0.6,0.44,0.9640211850862004,0.8680119391618177
0.9,0.5906528808364347,0.5652173913043478,0.4117647058823529,0.9581460217960532,0.8568373852032009
1.0,0.5871862986740262,0.5652173913043478,0.4117647058823529,0.9573385335322192,0.8552771996280052
1.1,0.5878042448496499,0.5652173913043478,0.4117647058823529,0.9575069807707708,0.8558736196754795
1.2,0.5732618731539156,0.5652173913043478,0.3846153846153846,0.9533251725246688,0.8483610738666681
1.3,0.5616197824075111,0.5319148936170213,0.3846153846153846,0.9497278005756656,0.8421338170539903
1.4,0.5518450418360842,0.5319148936170213,0.3846153846153846,0.9466032726245248,0.8368781585970003
1.5,0.543782930880629,0.5319148936170213,0.3584905660377358,0.9438731387201068,0.8323965090085244
1.8,0.5258139937367399,0.5,0.3584905660377358,0.9374364018105767,0.822204051397507
2.1,0.5136746469865763,0.5,0.3333333333333333,0.9327899059257267,0.8151312519208802
2.4,0.5048643296657721,0.4693877551020408,0.3333333333333333,0.9292860935026126,0.8099315495616984
2.7,0.4981681471772966,0.4693877551020408,0.3090909090909091,0.9265548230681484,0.8059533748676383
3.0,0.4930743512271009,0.4693877551020408,0.3090909090909091,0.924363252903129,0.8028050145487425
