alpha,crw_jaccard_mean,crw_jaccard_median,crw_jaccard_p10,crw_spearman_mean,crw_kendall_mean
0.01,0.4523991231532311,0.4117647058823529,0.2631578947368421,0.9046678675160444,0.7762709791734831
0.1,0.4523991231532311,0.4117647058823529,0.2631578947368421,0.9046678675160444,0.7762709791734831
0.2,0.4523991231532311,0.4117647058823529,0.2631578947368421,0.9046678675160444,0.7762709791734831
0.3,0.4523991231532311,0.4117647058823529,0.2631578947368421,0.9046678675160444,0.7762709791734831
0.4,0.4535471225761373,0.4117647058823529,0.2857142857142857,0.90509617457385,0.776797197145159
0.5,0.456035580749821,0.4117647058823529,0.2857142857142857,0.9060726266388848,0.7780195407620089
0.6,0.4603709901933615,0.44,0.2857142857142857,0.9079705582532166,0.7804661243187209
0.7,0.4764867843197796,0.44,0.2857142857142857,0.9146024457814524,0.7897043846138023
0.8,0.4942938481439395,0.4693877551020408,0.3090909090909091,0.9211563796137714,0.799480511138385
0.9,0.49644588135003,0.4693877551020408,0.3090909090909091,0.9223170190037132,0.8011666098928926
1.0,0.491845803599549,0.4693877551020408,0.3090909090909091,0.9207177748087771,0.7987198572274843
1.1,0.4884001675539136,0.4693877551020408,0.3090909090909091,0.9193807617537924,0.7967325955826583
1.2,0.4957130950905563,0.4693877551020408,0.3090909090909091,0.9232997459010792,0.8020952291327496
1.3,0.4921252804652551,0.4693877551020408,0.3090909090909091,0.9220130514166436,0.8001808036835578
1.4,0.4889895404797773,0.4693877551020408,0.3090909090909091,0.9208120313322732,0.7984279230607471
1.5,0.4862810289735988,0.4693877551020408,0.3090909090909091,0.9197633824614418,0.7969127927442162
1.8,0.4801374728124508,0.44,0.3090909090909091,0.9172991598671084,0.793397909250859
2.1,0.4759606115135971,0.44,0.2857142857142857,0.91552082984581,0.7908957427610463
2.4,0.4728685777559864,0.44,0.2857142857142857,0.9141770438586556,0.7890214803094945
2.7,0.4704073429392598,0.44,0.2857142857142857,0.9131287048232024,0.7875762959094808
3.0,0.4684382767803468,0.44,0.2857142857142857,0.9122845920606196,0.7864179606149267
