alpha,crw_jaccard_mean,crw_jaccard_median,crw_jaccard_p10,crw_spearman_mean,crw_kendall_mean
0.01,0.627018214141275,0.6363636363636364,0.3846153846153846,0.934072538743575,0.8307407756584035
0.1,0.6466838577862158,0.6363636363636364,0.4117647058823529,0.9469288752037468,0.8497014191353249
0.2,0.7084359023495401,0.7142857142857143,0.5,0.971947783383542,0.8941764190249323
0.3,0.7691701116008084,0.8,0.6,0.9860098476804168,0.9273201949622952
0.4,0.7675480598567923,0.7560975609756098,0.6,0.9856325148906288,0.9263072339629508
0.5,0.7334168107522224,0.7560975609756098,0.5319148936170213,0.9785182033435404,0.9084192492152036
0.6,0.7243415335307131,0.7142857142857143,0.5319148936170213,0.975522784867868,0.901517245981601
0.7,0.7060264981743075,0.7142857142857143,0.5,0.9702932752965996,0.890582724525098
0.8,0.6937585144799586,0.7142857142857143,0.4693877551020408,0.966175523154864,0.8825838861912803
0.9,0.6848745051589644,0.6744186046511628,0.4693877551020408,0.9628736119508016,0.8764780607689902
1.0,0.6782208396935504,0.6744186046511628,0.44,0.9601734835372244,0.871659100330586
1.1,0.673062839761364,0.6744186046511628,0.44,0.9579284398689142,0.8677588281943545
1.2,0.6686244040126631,0.6744186046511628,0.44,0.956037354793967,0.8645452827817526
1.3,0.6649268048200773,0.6744186046511628,0.44,0.9544149850225032,0.8618230810066143
1.4,0.6615817080036605,0.6744186046511628,0.44,0.953012212971392,0.8595032140543725
1.5,0.6588351478854484,0.6744186046511628,0.44,0.9517931460568432,0.8575124771032976
1.8,0.6530487175167698,0.6744186046511628,0.4117647058823529,0.948929881183434,0.8529321687026747
2.1,0.649206768295633,0.6363636363636364,0.4117647058823529,0.946863670374039,0.8496966240006043
2.4,0.6465621324748662,0.6363636363636364,0.4117647058823529,0.945305392624726,0.847296012956113
2.7,0.6444582978126461,0.6363636363636364,0.4117647058823529,0.9440898330905796,0.8454477796279357
3.0,0.6427878288120881,0.6363636363636364,0.4117647058823529,0.943126033960118,0.8439945080561193
