alpha,crw_jaccard_mean,crw_jaccard_median,crw_jaccard_p10,crw_spearman_mean,crw_kendall_mean
0.01,0.4411658363273562,0.4117647058823529,0.2631578947368421,0.8974793742149725,0.7663788949157795
0.1,0.4411658363273562,0.4117647058823529,0.2631578947368421,0.8974793742149725,0.7663788949157795
0.2,0.4411658363273562,0.4117647058823529,0.2631578947368421,0.8974793742149725,0.7663788949157795
0.3,0.4411658363273562,0.4117647058823529,0.2631578947368421,0.8974793742149725,0.7663788949157795
0.4,0.4411658363273562,0.4117647058823529,0.2631578947368421,0.8974793742149725,0.7663788949157795
0.5,0.4633086064120333,0.44,0.2857142857142857,0.9072376325722482,0.7791095090325101
0.6,0.4799210052467846,0.4693877551020408,0.3090909090909091,0.9139636481018468,0.7882309850223892
0.7,0.477555599653102,0.44,0.3090909090909091,0.913255191037663,0.7872366818045565
0.8,0.4752682020981588,0.44,0.3090909090909091,0.912684696431564,0.7863996447724696
0.9,0.4710913299060253,0.44,0.2857142857142857,0.9109414161359354,0.7840109725477664
1.0,0.467853107261519,0.44,0.2857142857142857,0.9095539604212148,0.7821151028520806
1.1,0.4652430650819069,0.44,0.2857142857142857,0.9084293466153524,0.7806146874429679
1.2,0.4631565410497522,0.44,0.2857142857142857,0.9074934896138068,0.7793705645685761
1.3,0.4613239006198716,0.44,0.2857142857142857,0.9067070244823644,0.7783208020494432
1.4,0.4598074583058322,0.44,0.2857142857142857,0.9060365824280756,0.7774322022963035
1.5,0.4584606992754378,0.44,0.2857142857142857,0.9054552822392288,0.7766623995413989
1.8,0.4554183942886647,0.44,0.2857142857142857,0.9041048393929326,0.7748910366906021
2.1,0.453395139423599,0.4117647058823529,0.2857142857142857,0.903148637392455,0.7736469434987352
2.4,0.4518624212196811,0.4117647058823529,0.2857142857142857,0.9024339852723192,0.7727223140622232
2.7,0.4507416613173581,0.4117647058823529,0.2857142857142857,0.9018823414946558,0.7720202905810721
3.0,0.4498395294644596,0.4117647058823529,0.2631578947368421,0.9014412279745933,0.771452734655791
