alpha,crw_jaccard_mean,crw_jaccard_median,crw_jaccard_p10,crw_spearman_mean,crw_kendall_mean
0.01,0.4523991231532311,0.4117647058823529,0.2631578947368421,0.9046678675160444,0.7762709791734831
0.1,0.4523991231532311,0.4117647058823529,0.2631578947368421,0.9046678675160444,0.7762709791734831
0.2,0.4555371619684263,0.4117647058823529,0.2857142857142857,0.9060148616035372,0.7778586710996013
0.3,0.4828195131712156,0.44,0.3090909090909091,0.917561828351976,0.7929029939070198
0.4,0.5337370076130072,0.5,0.3584905660377358,0.937339953277704,0.8222341580102173
0.5,0.5503163451663511,0.5319148936170213,0.3846153846153846,0.9454150470506149,0.8342543938774097
0.6,0.5343069038277516,0.5,0.3584905660377358,0.9404084298668852,0.8259815665962272
0.7,0.533974148920488,0.5,0.3584905660377358,0.9405339480413346,0.8265453375911247
0.8,0.5222373890121689,0.5,0.3333333333333333,0.936199004424962,0.8198356961802185
0.9,0.5132109694225778,0.5,0.3333333333333333,0.9327828111817944,0.8146807132223873
1.0,0.506272345551281,0.4693877551020408,0.3333333333333333,0.9300269099209808,0.8106165551527525
1.1,0.500721718359484,0.4693877551020408,0.3333333333333333,0.927757771835573,0.807335156487016
1.2,0.4962574055011037,0.4693877551020408,0.3090909090909091,0.9258573479704958,0.8046202516204981
1.3,0.4925096941418965,0.4693877551020408,0.3090909090909091,0.9242428426856264,0.8023332102728534
1.4,0.4893114552603074,0.4693877551020408,0.3090909090909091,0.9228556401244792,0.8003858371303924
1.5,0.4866061338345643,0.4693877551020408,0.3090909090909091,0.921648687896188,0.7987038908430965
1.8,0.4804582170511358,0.44,0.3090909090909091,0.9188253202257078,0.7948125004989185
2.1,0.4760759688395404,0.44,0.3090909090909091,0.9168015053876108,0.7920622262263532
2.4,0.472969785552664,0.44,0.2857142857142857,0.9152733507681204,0.7900081288852812
2.7,0.4704747409151336,0.44,0.2857142857142857,0.9140814412438976,0.788411289930604
3.0,0.4685654342132295,0.44,0.2857142857142857,0.9131286244752226,0.787144225187731
