question_id,question_text,clone_type,alpha,base_jaccard_mean,base_spearman_mean,base_kendall_mean,crw_jaccard_mean,crw_jaccard_median,crw_jaccard_p10,crw_spearman_mean,crw_kendall_mean,min_nonclone_dist
32214,"Do you support an increase in the retirement age (e.g., to 67)?",easy_paraphrase,0.4,0.6524158537167309,0.9488035310505236,0.8475964011782522,0.7984755069258288,0.7777777777777778,0.6551724137931034,0.9904116624044412,0.9380646006132624,0.17995731165458195
32214,"Do you support an increase in the retirement age (e.g., to 67)?",hard_paraphrase,0.4,0.6524158537167309,0.9488035310505236,0.8475964011782522,0.6868561054988763,0.7142857142857143,0.4545454545454545,0.9647486808290836,0.8748358390914901,0.17995731165458195
32214,"Do you support an increase in the retirement age (e.g., to 67)?",negation_easy,0.4,0.6524158537167309,0.9488035310505236,0.8475964011782522,0.7802196473669719,0.7777777777777778,0.6,0.987804105443738,0.9296426950180138,0.17995731165458195
32214,"Do you support an increase in the retirement age (e.g., to 67)?",negation_hard,0.4,0.6524158537167309,0.9488035310505236,0.8475964011782522,0.6716019175221055,0.6551724137931034,0.4545454545454545,0.958211559641704,0.8625540134066675,0.17995731165458195
32214,"Do you support an increase in the retirement age (e.g., to 67)?",perfect_mix,0.4,0.6524158537167309,0.9488035310505236,0.8475964011782522,0.7073772475459652,0.7142857142857143,0.5,0.9714081887069352,0.8885234111801701,0.17995731165458195
32215,Should the federal government allocate more funding for health insurance premium subsidies?,easy_paraphrase,0.4,0.7654978960830436,0.9717266626540793,0.901706243734677,0.8833604331715685,0.92,0.7142857142857143,0.9955951551776944,0.9625348163338466,0.17995731165458195
32215,Should the federal government allocate more funding for health insurance premium subsidies?,hard_paraphrase,0.4,0.7654978960830436,0.9717266626540793,0.901706243734677,0.8018522774136981,0.8461538461538461,0.5483870967741935,0.98278646988969,0.924359165476712,0.17995731165458195
32215,Should the federal government allocate more funding for health insurance premium subsidies?,negation_easy,0.4,0.7654978960830436,0.9717266626540793,0.901706243734677,0.8937120961616325,0.92,0.7777777777777778,0.9964633825382692,0.9666552308060972,0.17995731165458195
32215,Should the federal government allocate more funding for health insurance premium subsidies?,negation_hard,0.4,0.7654978960830436,0.9717266626540793,0.901706243734677,0.8089848957867862,0.8461538461538461,0.6,0.9849501430570694,0.9285410864968088,0.17995731165458195
32215,Should the federal government allocate more funding for health insurance premium subsidies?,perfect_mix,0.4,0.7654978960830436,0.9717266626540793,0.901706243734677,0.8200678614509278,0.8461538461538461,0.6,0.9870902817605705,0.9343184141107378,0.17995731165458195
32216,"For married couples, the pension is currently limited to 150% of the maximum individual AHV pension (capping). Should this limit be eliminated?",easy_paraphrase,0.4,0.8275251525348448,0.9869379563782024,0.9457849449691016,0.886098109721868,0.92,0.6551724137931034,0.9968636833158184,0.9736424814436528,0.17995731165458195
32216,"For married couples, the pension is currently limited to 150% of the maximum individual AHV pension (capping). Should this limit be eliminated?",hard_paraphrase,0.4,0.8275251525348448,0.9869379563782024,0.9457849449691016,0.8320257858819914,0.92,0.5483870967741935,0.9896845666110148,0.9504453715378824,0.17995731165458195
32216,"For married couples, the pension is currently limited to 150% of the maximum individual AHV pension (capping). Should this limit be eliminated?",negation_easy,0.4,0.8275251525348448,0.9869379563782024,0.9457849449691016,0.8821398160835792,0.92,0.6551724137931034,0.9965213754447912,0.9724087044192872,0.17995731165458195
32216,"For married couples, the pension is currently limited to 150% of the maximum individual AHV pension (capping). Should this limit be eliminated?",negation_hard,0.4,0.8275251525348448,0.9869379563782024,0.9457849449691016,0.8350442147030571,0.92,0.5483870967741935,0.9903172967516224,0.9520970360773549,0.17995731165458195
32216,"For married couples, the pension is currently limited to 150% of the maximum individual AHV pension (capping). Should this limit be eliminated?",perfect_mix,0.4,0.8275251525348448,0.9869379563782024,0.9457849449691016,0.8469398234141442,0.92,0.6,0.9925506480754752,0.9579382371869888,0.17995731165458195
32217,"As part of the reform of the BVG (occupational pension plan), pensions are to be reduced (lowering the minimum conversion rate from 6.8% to 6%). Are you in favor of this measure?",easy_paraphrase,0.4,0.8062409629286518,0.9775368154394938,0.9199273871742192,0.8913421207330491,0.92,0.7142857142857143,0.9968744176584724,0.970847152375198,0.17995731165458195
32217,"As part of the reform of the BVG (occupational pension plan), pensions are to be reduced (lowering the minimum conversion rate from 6.8% to 6%). Are you in favor of this measure?",hard_paraphrase,0.4,0.8062409629286518,0.9775368154394938,0.9199273871742192,0.8455226277306406,0.92,0.6,0.9911958504855328,0.9502311934685616,0.17995731165458195
32217,"As part of the reform of the BVG (occupational pension plan), pensions are to be reduced (lowering the minimum conversion rate from 6.8% to 6%). Are you in favor of this measure?",negation_easy,0.4,0.8062409629286518,0.9775368154394938,0.9199273871742192,0.8585687228267656,0.92,0.6,0.9932330653146214,0.9566960857150718,0.17995731165458195
32217,"As part of the reform of the BVG (occupational pension plan), pensions are to be reduced (lowering the minimum conversion rate from 6.8% to 6%). Are you in favor of this measure?",negation_hard,0.4,0.8062409629286518,0.9775368154394938,0.9199273871742192,0.8360468372113112,0.92,0.5483870967741935,0.9890148131155612,0.944592437226279,0.17995731165458195
32217,"As part of the reform of the BVG (occupational pension plan), pensions are to be reduced (lowering the minimum conversion rate from 6.8% to 6%). Are you in favor of this measure?",perfect_mix,0.4,0.8062409629286518,0.9775368154394938,0.9199273871742192,0.8144156037082585,0.8461538461538461,0.5,0.9824188774859176,0.929499210242688,0.17995731165458195
32218,Should paid parental leave be increased beyond today's 14 weeks of maternity leave and two weeks of paternity leave? [BePart question],easy_paraphrase,0.4,0.8586474555923399,0.984157977468722,0.9424046919650648,0.9273814298284514,1.0,0.7777777777777778,0.9975698298990218,0.9773954757104144,0.17995731165458195
32218,Should paid parental leave be increased beyond today's 14 weeks of maternity leave and two weeks of paternity leave? [BePart question],hard_paraphrase,0.4,0.8586474555923399,0.984157977468722,0.9424046919650648,0.8924037195911442,1.0,0.6551724137931034,0.9932572233093326,0.9623605125987236,0.17995731165458195
32218,Should paid parental leave be increased beyond today's 14 weeks of maternity leave and two weeks of paternity leave? [BePart question],negation_easy,0.4,0.8586474555923399,0.984157977468722,0.9424046919650648,0.9098502961924334,1.0,0.7142857142857143,0.9957250257248732,0.9701873869071636,0.17995731165458195
32218,Should paid parental leave be increased beyond today's 14 weeks of maternity leave and two weeks of paternity leave? [BePart question],negation_hard,0.4,0.8586474555923399,0.984157977468722,0.9424046919650648,0.8695210323475143,0.92,0.5483870967741935,0.9883343625878436,0.9503691684024408,0.17995731165458195
32218,Should paid parental leave be increased beyond today's 14 weeks of maternity leave and two weeks of paternity leave? [BePart question],perfect_mix,0.4,0.8586474555923399,0.984157977468722,0.9424046919650648,0.9014246936406768,1.0,0.6551724137931034,0.9946038279423368,0.9664000953377816,0.17995731165458195
32219,Should the federal government provide more financial support for public housing construction? [BePart question],easy_paraphrase,0.4,0.7451605136301873,0.9691104293317184,0.89161186521754,0.8445916742127666,0.8461538461538461,0.6551724137931034,0.9921224017800964,0.9471163482508812,0.17995731165458195
32219,Should the federal government provide more financial support for public housing construction? [BePart question],hard_paraphrase,0.4,0.7451605136301873,0.9691104293317184,0.89161186521754,0.7671407242268458,0.7777777777777778,0.5483870967741935,0.97711731217877,0.907319230054651,0.17995731165458195
32219,Should the federal government provide more financial support for public housing construction? [BePart question],negation_easy,0.4,0.7451605136301873,0.9691104293317184,0.89161186521754,0.8483846219013561,0.8461538461538461,0.6551724137931034,0.9925626642531208,0.9488043373295366,0.17995731165458195
32219,Should the federal government provide more financial support for public housing construction? [BePart question],negation_hard,0.4,0.7451605136301873,0.9691104293317184,0.89161186521754,0.7534949051525954,0.7777777777777778,0.5,0.9728468323988864,0.8987213730618149,0.17995731165458195
32219,Should the federal government provide more financial support for public housing construction? [BePart question],perfect_mix,0.4,0.7451605136301873,0.9691104293317184,0.89161186521754,0.8012887710648415,0.8461538461538461,0.6,0.9853383858283318,0.9265256413008428,0.17995731165458195
32220,Should compulsory vaccination of children be introduced based on the Swiss vaccination plan?,easy_paraphrase,0.4,0.7658256135095657,0.9850216260529208,0.9368223363220958,0.8893743679963054,0.92,0.7142857142857143,0.998370935957904,0.9795767351183174,0.17995731165458195
32220,Should compulsory vaccination of children be introduced based on the Swiss vaccination plan?,hard_paraphrase,0.4,0.7658256135095657,0.9850216260529208,0.9368223363220958,0.8619407203566226,0.92,0.6551724137931034,0.9972565314554692,0.9730545286872802,0.17995731165458195
32220,Should compulsory vaccination of children be introduced based on the Swiss vaccination plan?,negation_easy,0.4,0.7658256135095657,0.9850216260529208,0.9368223363220958,0.8646975709267376,0.92,0.6551724137931034,0.9973584376936708,0.973435856247036,0.17995731165458195
32220,Should compulsory vaccination of children be introduced based on the Swiss vaccination plan?,negation_hard,0.4,0.7658256135095657,0.9850216260529208,0.9368223363220958,0.7812761945469993,0.7777777777777778,0.5,0.989560298117385,0.9462405018288478,0.17995731165458195
32220,Should compulsory vaccination of children be introduced based on the Swiss vaccination plan?,perfect_mix,0.4,0.7658256135095657,0.9850216260529208,0.9368223363220958,0.8307162932736122,0.8461538461538461,0.6,0.9953789099388402,0.964258647336006,0.17995731165458195
32221,Are you in favor of the introduction of a tax on foods containing sugar (sugar tax)?,easy_paraphrase,0.4,0.7687005048361696,0.9816385411691326,0.9253624876225376,0.926211096219456,0.92,0.7777777777777778,0.9992511258768298,0.9855492360228896,0.17995731165458195
32221,Are you in favor of the introduction of a tax on foods containing sugar (sugar tax)?,hard_paraphrase,0.4,0.7687005048361696,0.9816385411691326,0.9253624876225376,0.8500774648132624,0.8461538461538461,0.6551724137931034,0.9956083762561556,0.9639975507492448,0.17995731165458195
32221,Are you in favor of the introduction of a tax on foods containing sugar (sugar tax)?,negation_easy,0.4,0.7687005048361696,0.9816385411691326,0.9253624876225376,0.8909945100522016,0.92,0.7142857142857143,0.9981149088206198,0.9766750751605604,0.17995731165458195
32221,Are you in favor of the introduction of a tax on foods containing sugar (sugar tax)?,negation_hard,0.4,0.7687005048361696,0.9816385411691326,0.9253624876225376,0.826802700997732,0.8461538461538461,0.6,0.9933062530674448,0.955351911043516,0.17995731165458195
32221,Are you in favor of the introduction of a tax on foods containing sugar (sugar tax)?,perfect_mix,0.4,0.7687005048361696,0.9816385411691326,0.9253624876225376,0.8586237439070077,0.8461538461538461,0.6551724137931034,0.9962780574475172,0.966932568099918,0.17995731165458195
32222,"Should insured persons contribute more to health care costs (e.g., increase the minimum deductible)?",easy_paraphrase,0.4,0.6957133480556263,0.9625829487158788,0.8752300104960511,0.7789631677028966,0.7777777777777778,0.6,0.9867043814666828,0.9281946544324068,0.17995731165458195
32222,"Should insured persons contribute more to health care costs (e.g., increase the minimum deductible)?",hard_paraphrase,0.4,0.6957133480556263,0.9625829487158788,0.8752300104960511,0.7696780229054396,0.7777777777777778,0.5483870967741935,0.9852611770307964,0.9241775405244111,0.17995731165458195
32222,"Should insured persons contribute more to health care costs (e.g., increase the minimum deductible)?",negation_easy,0.4,0.6957133480556263,0.9625829487158788,0.8752300104960511,0.8275066295178664,0.8461538461538461,0.6551724137931034,0.9931751314918366,0.9493025629309412,0.17995731165458195
32222,"Should insured persons contribute more to health care costs (e.g., increase the minimum deductible)?",negation_hard,0.4,0.6957133480556263,0.9625829487158788,0.8752300104960511,0.7725478542006784,0.7777777777777778,0.5483870967741935,0.9857265681135652,0.9253930814452545,0.17995731165458195
32222,"Should insured persons contribute more to health care costs (e.g., increase the minimum deductible)?",perfect_mix,0.4,0.6957133480556263,0.9625829487158788,0.8752300104960511,0.7830589431326141,0.7777777777777778,0.6,0.9873003547788768,0.9299466300767264,0.17995731165458195
32223,Should the Federal Council's ability to restrict private and economic life in the event of a pandemic be more limited?,easy_paraphrase,0.4,0.7211042921096675,0.9665339609355618,0.894387355396998,0.8486607732168149,0.8461538461538461,0.6551724137931034,0.9943319421780892,0.958290329267794,0.17995731165458195
32223,Should the Federal Council's ability to restrict private and economic life in the event of a pandemic be more limited?,hard_paraphrase,0.4,0.7211042921096675,0.9665339609355618,0.894387355396998,0.7788565147335287,0.7777777777777778,0.5483870967741935,0.9838057558873524,0.9278351285658838,0.17995731165458195
32223,Should the Federal Council's ability to restrict private and economic life in the event of a pandemic be more limited?,negation_easy,0.4,0.7211042921096675,0.9665339609355618,0.894387355396998,0.8311073525362406,0.8461538461538461,0.6551724137931034,0.9923725585404044,0.9511764239798748,0.17995731165458195
32223,Should the Federal Council's ability to restrict private and economic life in the event of a pandemic be more limited?,negation_hard,0.4,0.7211042921096675,0.9665339609355618,0.894387355396998,0.7706666603471233,0.7777777777777778,0.5483870967741935,0.9818942425964752,0.9234884438064188,0.17995731165458195
32223,Should the Federal Council's ability to restrict private and economic life in the event of a pandemic be more limited?,perfect_mix,0.4,0.7211042921096675,0.9665339609355618,0.894387355396998,0.8020458665145951,0.8461538461538461,0.6,0.9883216571569444,0.9391426991070848,0.17995731165458195
32224,Should the federal government be given the authority to determine the hospital offering (national hospital planning with regard to locations and range of services)?,easy_paraphrase,0.4,0.8158587947409974,0.9877142757606676,0.9424234620797026,0.9104731478897942,0.92,0.7777777777777778,0.9984618850184396,0.9799041721817104,0.17995731165458195
32224,Should the federal government be given the authority to determine the hospital offering (national hospital planning with regard to locations and range of services)?,hard_paraphrase,0.4,0.8158587947409974,0.9877142757606676,0.9424234620797026,0.8247131714665358,0.8461538461538461,0.5483870967741935,0.9902163382641912,0.9480384508160044,0.17995731165458195
32224,Should the federal government be given the authority to determine the hospital offering (national hospital planning with regard to locations and range of services)?,negation_easy,0.4,0.8158587947409974,0.9877142757606676,0.9424234620797026,0.8935637644694086,0.92,0.7142857142857143,0.9976092579978196,0.9748570854633044,0.17995731165458195
32224,Should the federal government be given the authority to determine the hospital offering (national hospital planning with regard to locations and range of services)?,negation_hard,0.4,0.8158587947409974,0.9877142757606676,0.9424234620797026,0.8270193032698254,0.8461538461538461,0.5483870967741935,0.9906665658948902,0.949279325424724,0.17995731165458195
32224,Should the federal government be given the authority to determine the hospital offering (national hospital planning with regard to locations and range of services)?,perfect_mix,0.4,0.8158587947409974,0.9877142757606676,0.9424234620797026,0.8475878688679896,0.92,0.6,0.993806095324842,0.9586008426916024,0.17995731165458195
32225,"According to the Swiss integrated schooling concept, children with learning difficulties or disabilities should be taught in regular classes. Do you approve of this concept?",easy_paraphrase,0.4,0.8162585441890959,0.9874904631492594,0.9416522748164003,0.92922603603467,1.0,0.7777777777777778,0.9989289242895782,0.9832928216957292,0.17995731165458195
32225,"According to the Swiss integrated schooling concept, children with learning difficulties or disabilities should be taught in regular classes. Do you approve of this concept?",hard_paraphrase,0.4,0.8162585441890959,0.9874904631492594,0.9416522748164003,0.8874035496593817,0.92,0.7142857142857143,0.9967410875325736,0.9705621559078697,0.17995731165458195
32225,"According to the Swiss integrated schooling concept, children with learning difficulties or disabilities should be taught in regular classes. Do you approve of this concept?",negation_easy,0.4,0.8162585441890959,0.9874904631492594,0.9416522748164003,0.919183313084676,0.92,0.7777777777777778,0.9985651331555492,0.980415279735756,0.17995731165458195
32225,"According to the Swiss integrated schooling concept, children with learning difficulties or disabilities should be taught in regular classes. Do you approve of this concept?",negation_hard,0.4,0.8162585441890959,0.9874904631492594,0.9416522748164003,0.8641534238903826,0.92,0.6551724137931034,0.9947368812181292,0.9622769413634384,0.17995731165458195
32225,"According to the Swiss integrated schooling concept, children with learning difficulties or disabilities should be taught in regular classes. Do you approve of this concept?",perfect_mix,0.4,0.8162585441890959,0.9874904631492594,0.9416522748164003,0.8897349154330656,0.92,0.7142857142857143,0.9968997781386364,0.9713776124419192,0.17995731165458195
32226,Should the federal government raise the requirements for the gymnasiale matura?,easy_paraphrase,0.4,0.7870014755578585,0.9846118385217498,0.9337056935177032,0.9032237068653648,0.92,0.7142857142857143,0.9983389479629944,0.9785627994388982,0.17995731165458195
32226,Should the federal government raise the requirements for the gymnasiale matura?,hard_paraphrase,0.4,0.7870014755578585,0.9846118385217498,0.9337056935177032,0.8258174209532759,0.8461538461538461,0.5483870967741935,0.9922812079661364,0.952923277128839,0.17995731165458195
32226,Should the federal government raise the requirements for the gymnasiale matura?,negation_easy,0.4,0.7870014755578585,0.9846118385217498,0.9337056935177032,0.8945169341611698,0.92,0.7142857142857143,0.9979452695822092,0.9761788640095366,0.17995731165458195
32226,Should the federal government raise the requirements for the gymnasiale matura?,negation_hard,0.4,0.7870014755578585,0.9846118385217498,0.9337056935177032,0.8168991993164927,0.8461538461538461,0.5483870967741935,0.9909616130454364,0.949185023574535,0.17995731165458195
32226,Should the federal government raise the requirements for the gymnasiale matura?,perfect_mix,0.4,0.7870014755578585,0.9846118385217498,0.9337056935177032,0.854615742197595,0.92,0.6,0.995312102219842,0.963678803275174,0.17995731165458195
32227,"Should the state be more committed to equal educational opportunities (e.g., through subsidized remedial courses for students from low-income families)?",easy_paraphrase,0.4,0.8385118759925235,0.9844568516609188,0.9394855848864044,0.9103797785076028,0.92,0.7777777777777778,0.9961537442154088,0.9709419867322456,0.17995731165458195
32227,"Should the state be more committed to equal educational opportunities (e.g., through subsidized remedial courses for students from low-income families)?",hard_paraphrase,0.4,0.8385118759925235,0.9844568516609188,0.9394855848864044,0.8750818593231247,0.92,0.7142857142857143,0.9917624433352594,0.9565737522926816,0.17995731165458195
32227,"Should the state be more committed to equal educational opportunities (e.g., through subsidized remedial courses for students from low-income families)?",negation_easy,0.4,0.8385118759925235,0.9844568516609188,0.9394855848864044,0.8961996397907487,0.92,0.7142857142857143,0.9946564086682432,0.9653914065056022,0.17995731165458195
32227,"Should the state be more committed to equal educational opportunities (e.g., through subsidized remedial courses for students from low-income families)?",negation_hard,0.4,0.8385118759925235,0.9844568516609188,0.9394855848864044,0.8789347756813599,0.92,0.7142857142857143,0.9921952260323672,0.9579818297929475,0.17995731165458195
32227,"Should the state be more committed to equal educational opportunities (e.g., through subsidized remedial courses for students from low-income families)?",perfect_mix,0.4,0.8385118759925235,0.9844568516609188,0.9394855848864044,0.8661501778450745,0.92,0.6551724137931034,0.9902975703387028,0.9526284300367543,0.17995731165458195
32228,"Should the conditions for naturalization be relaxed (e.g., shorter residence period)?",easy_paraphrase,0.4,0.7431175549001072,0.9554197417060172,0.8780581235849239,0.7975636283235997,0.8461538461538461,0.5483870967741935,0.9779836377028216,0.9161876103093348,0.17995731165458195
32228,"Should the conditions for naturalization be relaxed (e.g., shorter residence period)?",hard_paraphrase,0.4,0.7431175549001072,0.9554197417060172,0.8780581235849239,0.7978613510237538,0.8461538461538461,0.5483870967741935,0.9780412896265924,0.9163749085656392,0.17995731165458195
32228,"Should the conditions for naturalization be relaxed (e.g., shorter residence period)?",negation_easy,0.4,0.7431175549001072,0.9554197417060172,0.8780581235849239,0.8708599458387848,0.92,0.7142857142857143,0.9932648937475886,0.9551835298175836,0.17995731165458195
32228,"Should the conditions for naturalization be relaxed (e.g., shorter residence period)?",negation_hard,0.4,0.7431175549001072,0.9554197417060172,0.8780581235849239,0.7896251197603456,0.8461538461538461,0.5483870967741935,0.975373041406881,0.9109539335888034,0.17995731165458195
32228,"Should the conditions for naturalization be relaxed (e.g., shorter residence period)?",perfect_mix,0.4,0.7431175549001072,0.9554197417060172,0.8780581235849239,0.7933552492710201,0.8461538461538461,0.5483870967741935,0.9766383927917552,0.9134273228998392,0.17995731165458195
32229,Should more qualified workers from non-EU/EFTA countries be allowed to work in Switzerland (increase third-country quota)?,easy_paraphrase,0.4,0.8482598878213947,0.9901002111266723,0.950612971051769,0.91364178447257,0.92,0.7777777777777778,0.9976409532700836,0.976295918243169,0.17995731165458195
32229,Should more qualified workers from non-EU/EFTA countries be allowed to work in Switzerland (increase third-country quota)?,hard_paraphrase,0.4,0.8482598878213947,0.9901002111266723,0.950612971051769,0.9024085972535356,0.92,0.7142857142857143,0.9968291166522142,0.9723594069199346,0.17995731165458195
32229,Should more qualified workers from non-EU/EFTA countries be allowed to work in Switzerland (increase third-country quota)?,negation_easy,0.4,0.8482598878213947,0.9901002111266723,0.950612971051769,0.9210528795759572,1.0,0.7777777777777778,0.9980740557017692,0.978653495084448,0.17995731165458195
32229,Should more qualified workers from non-EU/EFTA countries be allowed to work in Switzerland (increase third-country quota)?,negation_hard,0.4,0.8482598878213947,0.9901002111266723,0.950612971051769,0.8790323252152721,0.92,0.6551724137931034,0.9945939317710571,0.9637438230144562,0.17995731165458195
32229,Should more qualified workers from non-EU/EFTA countries be allowed to work in Switzerland (increase third-country quota)?,perfect_mix,0.4,0.8482598878213947,0.9901002111266723,0.950612971051769,0.8842191382932302,0.92,0.6551724137931034,0.9951605483698388,0.9657443249247344,0.17995731165458195
32230,Do you support efforts to house asylum seekers in centers outside Europe during the asylum procedure?,easy_paraphrase,0.4,0.7566088940392893,0.9682203621927344,0.9010421525258996,0.8977410417586258,0.92,0.7142857142857143,0.9968469479221144,0.9703405212382716,0.17995731165458195
32230,Do you support efforts to house asylum seekers in centers outside Europe during the asylum procedure?,hard_paraphrase,0.4,0.7566088940392893,0.9682203621927344,0.9010421525258996,0.811344822364562,0.8461538461538461,0.5483870967741935,0.98525376502537,0.9335090999580608,0.17995731165458195
32230,Do you support efforts to house asylum seekers in centers outside Europe during the asylum procedure?,negation_easy,0.4,0.7566088940392893,0.9682203621927344,0.9010421525258996,0.8429831278718047,0.92,0.6,0.990933764608078,0.9483857485801158,0.17995731165458195
32230,Do you support efforts to house asylum seekers in centers outside Europe during the asylum procedure?,negation_hard,0.4,0.7566088940392893,0.9682203621927344,0.9010421525258996,0.8067661694541384,0.8461538461538461,0.5483870967741935,0.984149569156392,0.9309754899879158,0.17995731165458195
32230,Do you support efforts to house asylum seekers in centers outside Europe during the asylum procedure?,perfect_mix,0.4,0.7566088940392893,0.9682203621927344,0.9010421525258996,0.8186705174427906,0.8461538461538461,0.5483870967741935,0.986793977230167,0.9372259880535646,0.17995731165458195
32231,Should foreign nationals who have lived in Switzerland for at least ten years be granted the right to vote and stand for election at the municipal level?,easy_paraphrase,0.4,0.7618592815713444,0.9575598028142144,0.8801696890266747,0.8444673034857,0.8461538461538461,0.6551724137931034,0.9878114308140674,0.9376032962395172,0.17995731165458195
32231,Should foreign nationals who have lived in Switzerland for at least ten years be granted the right to vote and stand for election at the municipal level?,hard_paraphrase,0.4,0.7618592815713444,0.9575598028142144,0.8801696890266747,0.8260287349652908,0.8461538461538461,0.6,0.9834196767579596,0.9268997892942564,0.17995731165458195
32231,Should foreign nationals who have lived in Switzerland for at least ten years be granted the right to vote and stand for election at the municipal level?,negation_easy,0.4,0.7618592815713444,0.9575598028142144,0.8801696890266747,0.8451194974216251,0.8461538461538461,0.6551724137931034,0.987931458458414,0.937991711856668,0.17995731165458195
32231,Should foreign nationals who have lived in Switzerland for at least ten years be granted the right to vote and stand for election at the municipal level?,negation_hard,0.4,0.7618592815713444,0.9575598028142144,0.8801696890266747,0.8158090448014811,0.8461538461538461,0.6,0.9804927382757126,0.9203957377368824,0.17995731165458195
32231,Should foreign nationals who have lived in Switzerland for at least ten years be granted the right to vote and stand for election at the municipal level?,perfect_mix,0.4,0.7618592815713444,0.9575598028142144,0.8801696890266747,0.8115178419961818,0.8461538461538461,0.5483870967741935,0.9790659099168292,0.9173958758928284,0.17995731165458195
32232,Should cannabis use be legalized? [BePart question],easy_paraphrase,0.4,0.6917744945621126,0.9498500291093248,0.8616827379192133,0.8436207466302497,0.8461538461538461,0.6551724137931034,0.9936266482090972,0.9535998892686584,0.17995731165458195
32232,Should cannabis use be legalized? [BePart question],hard_paraphrase,0.4,0.6917744945621126,0.9498500291093248,0.8616827379192133,0.8137817524275374,0.8461538461538461,0.6,0.989746908564756,0.9404303174887624,0.17995731165458195
32232,Should cannabis use be legalized? [BePart question],negation_easy,0.4,0.6917744945621126,0.9498500291093248,0.8616827379192133,0.8371970919959605,0.8461538461538461,0.6551724137931034,0.9929129041100976,0.95092992444906,0.17995731165458195
32232,Should cannabis use be legalized? [BePart question],negation_hard,0.4,0.6917744945621126,0.9498500291093248,0.8616827379192133,0.7628008844159931,0.7777777777777778,0.5483870967741935,0.9793324035458872,0.9138266526512066,0.17995731165458195
32232,Should cannabis use be legalized? [BePart question],perfect_mix,0.4,0.6917744945621126,0.9498500291093248,0.8616827379192133,0.7829893051762944,0.7777777777777778,0.5483870967741935,0.9840514205897076,0.9248411044912284,0.17995731165458195
32233,Would you be in favour of doctors being allowed to administer direct active euthanasia in Switzerland?,easy_paraphrase,0.4,0.803481554273858,0.9812839170870392,0.9280313443063942,0.926580581373074,0.92,0.7777777777777778,0.9988913431405738,0.9830998970180874,0.17995731165458195
32233,Would you be in favour of doctors being allowed to administer direct active euthanasia in Switzerland?,hard_paraphrase,0.4,0.803481554273858,0.9812839170870392,0.9280313443063942,0.8731769680676134,0.92,0.6551724137931034,0.9954118435158468,0.964918819454758,0.17995731165458195
32233,Would you be in favour of doctors being allowed to administer direct active euthanasia in Switzerland?,negation_easy,0.4,0.803481554273858,0.9812839170870392,0.9280313443063942,0.9288018424189556,0.92,0.7777777777777778,0.9989711341075996,0.9837414454365168,0.17995731165458195
32233,Would you be in favour of doctors being allowed to administer direct active euthanasia in Switzerland?,negation_hard,0.4,0.803481554273858,0.9812839170870392,0.9280313443063942,0.8646430760326542,0.92,0.6551724137931034,0.994452762140295,0.961372731931319,0.17995731165458195
32233,Would you be in favour of doctors being allowed to administer direct active euthanasia in Switzerland?,perfect_mix,0.4,0.803481554273858,0.9812839170870392,0.9280313443063942,0.8727851526871316,0.92,0.6551724137931034,0.9953767568168996,0.9647820772592138,0.17995731165458195
32234,"Should a third official gender be introduced alongside ""female"" and ""male""?",easy_paraphrase,0.4,0.7237738588342293,0.9472312117415378,0.8662315767230743,0.8295060224448312,0.8461538461538461,0.6,0.9876479925207092,0.9381727887581244,0.17995731165458195
32234,"Should a third official gender be introduced alongside ""female"" and ""male""?",hard_paraphrase,0.4,0.7237738588342293,0.9472312117415378,0.8662315767230743,0.8197120562492152,0.8461538461538461,0.6,0.985628677179341,0.9330180030289812,0.17995731165458195
32234,"Should a third official gender be introduced alongside ""female"" and ""male""?",negation_easy,0.4,0.7237738588342293,0.9472312117415378,0.8662315767230743,0.8451642300540776,0.8461538461538461,0.6551724137931034,0.9904766347724296,0.9461063241402042,0.17995731165458195
32234,"Should a third official gender be introduced alongside ""female"" and ""male""?",negation_hard,0.4,0.7237738588342293,0.9472312117415378,0.8662315767230743,0.7580638403858978,0.7777777777777778,0.4545454545454545,0.9658360418655368,0.8940059834616707,0.17995731165458195
32234,"Should a third official gender be introduced alongside ""female"" and ""male""?",perfect_mix,0.4,0.7237738588342293,0.9472312117415378,0.8662315767230743,0.7802438809662501,0.8461538461538461,0.5,0.9747152536175344,0.909657357358699,0.17995731165458195
32235,Do you think it's right for same-sex couples to have the same rights as heterosexual couples in all areas?,easy_paraphrase,0.4,0.8900067714172273,0.9855372894032268,0.946770164138119,0.9637676108404576,1.0,0.8461538461538461,0.9993330397677342,0.9888767274751892,0.17995731165458195
32235,Do you think it's right for same-sex couples to have the same rights as heterosexual couples in all areas?,hard_paraphrase,0.4,0.8900067714172273,0.9855372894032268,0.946770164138119,0.9189207047626592,1.0,0.7142857142857143,0.9949803727344788,0.9686676243667136,0.17995731165458195
32235,Do you think it's right for same-sex couples to have the same rights as heterosexual couples in all areas?,negation_easy,0.4,0.8900067714172273,0.9855372894032268,0.946770164138119,0.947238140426276,1.0,0.8461538461538461,0.9984197348630528,0.982523213400504,0.17995731165458195
32235,Do you think it's right for same-sex couples to have the same rights as heterosexual couples in all areas?,negation_hard,0.4,0.8900067714172273,0.9855372894032268,0.946770164138119,0.9183029177236958,1.0,0.7142857142857143,0.9948110380543194,0.96819956262133,0.17995731165458195
32235,Do you think it's right for same-sex couples to have the same rights as heterosexual couples in all areas?,perfect_mix,0.4,0.8900067714172273,0.9855372894032268,0.946770164138119,0.9294169532884264,1.0,0.7777777777777778,0.9965622612899953,0.9741343405294416,0.17995731165458195
32236,Do you support tax cuts at the federal level over the next four years?,easy_paraphrase,0.4,0.6811602829627751,0.9581194005996492,0.876657387358591,0.8041484085141481,0.8461538461538461,0.6,0.9900872487003196,0.9426705244532187,0.17995731165458195
32236,Do you support tax cuts at the federal level over the next four years?,hard_paraphrase,0.4,0.6811602829627751,0.9581194005996492,0.876657387358591,0.7138948361674387,0.7142857142857143,0.4545454545454545,0.9707561747688706,0.8981400555815817,0.17995731165458195
32236,Do you support tax cuts at the federal level over the next four years?,negation_easy,0.4,0.6811602829627751,0.9581194005996492,0.876657387358591,0.7691313060172812,0.7777777777777778,0.5483870967741935,0.9845611879665538,0.9274640161624156,0.17995731165458195
32236,Do you support tax cuts at the federal level over the next four years?,negation_hard,0.4,0.6811602829627751,0.9581194005996492,0.876657387358591,0.694450161198631,0.7142857142857143,0.4117647058823529,0.9637388535282436,0.8858226241415513,0.17995731165458195
32236,Do you support tax cuts at the federal level over the next four years?,perfect_mix,0.4,0.6811602829627751,0.9581194005996492,0.876657387358591,0.7290530874938094,0.7777777777777778,0.4545454545454545,0.9751203716114905,0.906562888049644,0.17995731165458195
32237,Should married couples be taxed separately (individual taxation)? [BePart question],easy_paraphrase,0.4,0.8344086904843874,0.98167916936872,0.935558171056757,0.8942749075875889,0.92,0.7142857142857143,0.995953356834944,0.9701730315351214,0.17995731165458195
32237,Should married couples be taxed separately (individual taxation)? [BePart question],hard_paraphrase,0.4,0.8344086904843874,0.98167916936872,0.935558171056757,0.8543983104560613,0.92,0.6,0.9890846091270354,0.950220617039966,0.17995731165458195
32237,Should married couples be taxed separately (individual taxation)? [BePart question],negation_easy,0.4,0.8344086904843874,0.98167916936872,0.935558171056757,0.8841874231783808,0.92,0.6551724137931034,0.994848472080005,0.9660715022531432,0.17995731165458195
32237,Should married couples be taxed separately (individual taxation)? [BePart question],negation_hard,0.4,0.8344086904843874,0.98167916936872,0.935558171056757,0.8483338423630027,0.92,0.5483870967741935,0.9873863013242408,0.9462417473533644,0.17995731165458195
32237,Should married couples be taxed separately (individual taxation)? [BePart question],perfect_mix,0.4,0.8344086904843874,0.98167916936872,0.935558171056757,0.860280039183339,0.92,0.6,0.9906841545573548,0.9541749733599906,0.17995731165458195
32238,Would you support the introduction of a national inheritance tax on all inheritances over one million Swiss francs? [BePart question],easy_paraphrase,0.4,0.7313499298546235,0.9591317973506784,0.8813611959373978,0.8439772110651653,0.8461538461538461,0.6551724137931034,0.991790508680508,0.9488040943920856,0.17995731165458195
32238,Would you support the introduction of a national inheritance tax on all inheritances over one million Swiss francs? [BePart question],hard_paraphrase,0.4,0.7313499298546235,0.9591317973506784,0.8813611959373978,0.819713291480427,0.8461538461538461,0.6,0.9878533063450338,0.9370021280869434,0.17995731165458195
32238,Would you support the introduction of a national inheritance tax on all inheritances over one million Swiss francs? [BePart question],negation_easy,0.4,0.7313499298546235,0.9591317973506784,0.8813611959373978,0.8699843783874868,0.92,0.7142857142857143,0.9949233663714456,0.9600663903176696,0.17995731165458195
32238,Would you support the introduction of a national inheritance tax on all inheritances over one million Swiss francs? [BePart question],negation_hard,0.4,0.7313499298546235,0.9591317973506784,0.8813611959373978,0.7596929420702886,0.7777777777777778,0.5,0.9717585191559056,0.9023507314706254,0.17995731165458195
32238,Would you support the introduction of a national inheritance tax on all inheritances over one million Swiss francs? [BePart question],perfect_mix,0.4,0.7313499298546235,0.9591317973506784,0.8813611959373978,0.7984686703949879,0.8461538461538461,0.5483870967741935,0.9834494741144164,0.9260486851365216,0.17995731165458195
32239,Should the differences between cantons with high and low financial capacity be further reduced through fiscal equalization?,easy_paraphrase,0.4,0.8536915152769331,0.9895102391308568,0.950978764152968,0.9431846286898372,1.0,0.8461538461538461,0.9990544219001436,0.985685475545999,0.17995731165458195
32239,Should the differences between cantons with high and low financial capacity be further reduced through fiscal equalization?,hard_paraphrase,0.4,0.8536915152769331,0.9895102391308568,0.950978764152968,0.8599295637511624,0.92,0.6,0.990909588601757,0.9544342001557196,0.17995731165458195
32239,Should the differences between cantons with high and low financial capacity be further reduced through fiscal equalization?,negation_easy,0.4,0.8536915152769331,0.9895102391308568,0.950978764152968,0.9190250297054916,1.0,0.7777777777777778,0.9978386942508336,0.9780845822060747,0.17995731165458195
32239,Should the differences between cantons with high and low financial capacity be further reduced through fiscal equalization?,negation_hard,0.4,0.8536915152769331,0.9895102391308568,0.950978764152968,0.8762136297544195,0.92,0.6551724137931034,0.9935492697605744,0.9617365632311206,0.17995731165458195
32239,Should the differences between cantons with high and low financial capacity be further reduced through fiscal equalization?,perfect_mix,0.4,0.8536915152769331,0.9895102391308568,0.950978764152968,0.8930897290784793,0.92,0.6551724137931034,0.995625636203455,0.9686584100425258,0.17995731165458195
32240,"Are you in favor of introducing a minimum wage of CHF 4,000 for all full-time employees?",easy_paraphrase,0.4,0.6961361675683063,0.94664274691003,0.8512396832374428,0.8162738721576444,0.8461538461538461,0.6551724137931034,0.98868179455789,0.9349087796947976,0.17995731165458195
32240,"Are you in favor of introducing a minimum wage of CHF 4,000 for all full-time employees?",hard_paraphrase,0.4,0.6961361675683063,0.94664274691003,0.8512396832374428,0.7659950850023979,0.7777777777777778,0.5483870967741935,0.9774418086575744,0.9059578559631224,0.17995731165458195
32240,"Are you in favor of introducing a minimum wage of CHF 4,000 for all full-time employees?",negation_easy,0.4,0.6961361675683063,0.94664274691003,0.8512396832374428,0.8127922435148894,0.8461538461538461,0.6,0.9880583035956932,0.9330326507282348,0.17995731165458195
32240,"Are you in favor of introducing a minimum wage of CHF 4,000 for all full-time employees?",negation_hard,0.4,0.6961361675683063,0.94664274691003,0.8512396832374428,0.7494017130750245,0.7777777777777778,0.5,0.971982371533632,0.894299264873279,0.17995731165458195
32240,"Are you in favor of introducing a minimum wage of CHF 4,000 for all full-time employees?",perfect_mix,0.4,0.6961361675683063,0.94664274691003,0.8512396832374428,0.7708251114410775,0.7777777777777778,0.5483870967741935,0.9787495378427412,0.9090017654507754,0.17995731165458195
32241,"Do you support stricter regulations for the financial sector (e.g., stricter capital requirements for banks, ban on bonuses)?",easy_paraphrase,0.4,0.8346327091390299,0.9839074105704224,0.9379883851930582,0.9338917493217124,0.92,0.8461538461538461,0.9981712296417036,0.9802165834760084,0.17995731165458195
32241,"Do you support stricter regulations for the financial sector (e.g., stricter capital requirements for banks, ban on bonuses)?",hard_paraphrase,0.4,0.8346327091390299,0.9839074105704224,0.9379883851930582,0.8948168696436611,0.92,0.7142857142857143,0.9946700252445068,0.9652990238362054,0.17995731165458195
32241,"Do you support stricter regulations for the financial sector (e.g., stricter capital requirements for banks, ban on bonuses)?",negation_easy,0.4,0.8346327091390299,0.9839074105704224,0.9379883851930582,0.9058640586411788,0.92,0.7777777777777778,0.9958585274972016,0.969609098247721,0.17995731165458195
32241,"Do you support stricter regulations for the financial sector (e.g., stricter capital requirements for banks, ban on bonuses)?",negation_hard,0.4,0.8346327091390299,0.9839074105704224,0.9379883851930582,0.8710806228838506,0.92,0.6551724137931034,0.9912652637831936,0.9550300843560562,0.17995731165458195
32241,"Do you support stricter regulations for the financial sector (e.g., stricter capital requirements for banks, ban on bonuses)?",perfect_mix,0.4,0.8346327091390299,0.9839074105704224,0.9379883851930582,0.8952471239058939,0.92,0.7142857142857143,0.9947189076216472,0.9654691778286149,0.17995731165458195
32242,Should private households be free to choose their electricity supplier (complete liberalization of the electricity market)?,easy_paraphrase,0.4,0.7934691577128441,0.9819761521434548,0.92850229447528,0.8906182305779541,0.92,0.7142857142857143,0.9976901545463476,0.9747263913823824,0.17995731165458195
32242,Should private households be free to choose their electricity supplier (complete liberalization of the electricity market)?,hard_paraphrase,0.4,0.7934691577128441,0.9819761521434548,0.92850229447528,0.8375640896142394,0.8461538461538461,0.6,0.9929272149501488,0.9556470923312892,0.17995731165458195
32242,Should private households be free to choose their electricity supplier (complete liberalization of the electricity market)?,negation_easy,0.4,0.7934691577128441,0.9819761521434548,0.92850229447528,0.875590294239851,0.92,0.6551724137931034,0.9967818464139108,0.9701301389099296,0.17995731165458195
32242,Should private households be free to choose their electricity supplier (complete liberalization of the electricity market)?,negation_hard,0.4,0.7934691577128441,0.9819761521434548,0.92850229447528,0.8226962087489899,0.8461538461538461,0.5483870967741935,0.9905392292921804,0.9487953611793204,0.17995731165458195
32242,Should private households be free to choose their electricity supplier (complete liberalization of the electricity market)?,perfect_mix,0.4,0.7934691577128441,0.9819761521434548,0.92850229447528,0.8346471391804443,0.8461538461538461,0.5483870967741935,0.992535899356396,0.9543294382061166,0.17995731165458195
32243,"Should housing construction regulations be relaxed (e.g., noise protection, occupancy rates)?",easy_paraphrase,0.4,0.7941571998922503,0.9857530036339972,0.9368731215312875,0.8855077205377054,0.92,0.7142857142857143,0.9974468668765106,0.973203585479994,0.17995731165458195
32243,"Should housing construction regulations be relaxed (e.g., noise protection, occupancy rates)?",hard_paraphrase,0.4,0.7941571998922503,0.9857530036339972,0.9368731215312875,0.863299225746659,0.92,0.6551724137931034,0.9961378998876548,0.9663340702536298,0.17995731165458195
32243,"Should housing construction regulations be relaxed (e.g., noise protection, occupancy rates)?",negation_easy,0.4,0.7941571998922503,0.9857530036339972,0.9368731215312875,0.8921899706490852,0.92,0.7142857142857143,0.9979279656825476,0.97517989217398,0.17995731165458195
32243,"Should housing construction regulations be relaxed (e.g., noise protection, occupancy rates)?",negation_hard,0.4,0.7941571998922503,0.9857530036339972,0.9368731215312875,0.8441113875651329,0.8461538461538461,0.6,0.9944643937402522,0.9596651466504084,0.17995731165458195
32243,"Should housing construction regulations be relaxed (e.g., noise protection, occupancy rates)?",perfect_mix,0.4,0.7941571998922503,0.9857530036339972,0.9368731215312875,0.8563833690866614,0.92,0.6551724137931034,0.9956021789873226,0.9640144189820424,0.17995731165458195
32244,Are you in favor of stricter controls on equal pay for women and men?,easy_paraphrase,0.4,0.7894902375213477,0.9707642519747932,0.906020006082111,0.8730316948541289,0.92,0.7142857142857143,0.9919596623400436,0.9523399737791016,0.17995731165458195
32244,Are you in favor of stricter controls on equal pay for women and men?,hard_paraphrase,0.4,0.7894902375213477,0.9707642519747932,0.906020006082111,0.8381051376346096,0.8461538461538461,0.6,0.9854223284056006,0.9347482283755044,0.17995731165458195
32244,Are you in favor of stricter controls on equal pay for women and men?,negation_easy,0.4,0.7894902375213477,0.9707642519747932,0.906020006082111,0.8656141798395455,0.92,0.6551724137931034,0.9908035199724408,0.9488600577541294,0.17995731165458195
32244,Are you in favor of stricter controls on equal pay for women and men?,negation_hard,0.4,0.7894902375213477,0.9707642519747932,0.906020006082111,0.8313716643543111,0.8461538461538461,0.6,0.9837136223178884,0.9309750637818612,0.17995731165458195
32244,Are you in favor of stricter controls on equal pay for women and men?,perfect_mix,0.4,0.7894902375213477,0.9707642519747932,0.906020006082111,0.849425489145943,0.8461538461538461,0.6551724137931034,0.9879111760285952,0.9409618127347772,0.17995731165458195
32245,Should busy sections of highways be widened?,easy_paraphrase,0.4,0.7147103992484953,0.959086796213381,0.877332240019534,0.8579820325838806,0.8461538461538461,0.7142857142857143,0.9939141164497036,0.955319087411006,0.17995731165458195
32245,Should busy sections of highways be widened?,hard_paraphrase,0.4,0.7147103992484953,0.959086796213381,0.877332240019534,0.7931631714403982,0.8461538461538461,0.6,0.9842354409702408,0.9260847469322075,0.17995731165458195
32245,Should busy sections of highways be widened?,negation_easy,0.4,0.7147103992484953,0.959086796213381,0.877332240019534,0.8526673184648929,0.8461538461538461,0.6551724137931034,0.9933077922936896,0.9530770231909896,0.17995731165458195
32245,Should busy sections of highways be widened?,negation_hard,0.4,0.7147103992484953,0.959086796213381,0.877332240019534,0.7855308023788243,0.7777777777777778,0.5483870967741935,0.9825224916573532,0.9220011453811366,0.17995731165458195
32245,Should busy sections of highways be widened?,perfect_mix,0.4,0.7147103992484953,0.959086796213381,0.877332240019534,0.7891713227644922,0.7777777777777778,0.5483870967741935,0.9833586506373844,0.9239988458640898,0.17995731165458195
32246,Should Switzerland ban the registration of new passenger cars with internal combustion engines starting in 2035?,easy_paraphrase,0.4,0.728787201539847,0.959139877486174,0.8833324260158562,0.8599822635341201,0.8461538461538461,0.7142857142857143,0.9930959428951815,0.9544111120723312,0.17995731165458195
32246,Should Switzerland ban the registration of new passenger cars with internal combustion engines starting in 2035?,hard_paraphrase,0.4,0.728787201539847,0.959139877486174,0.8833324260158562,0.8160375152062446,0.8461538461538461,0.6,0.9861073089320888,0.9340343733478093,0.17995731165458195
32246,Should Switzerland ban the registration of new passenger cars with internal combustion engines starting in 2035?,negation_easy,0.4,0.728787201539847,0.959139877486174,0.8833324260158562,0.87021252999761,0.92,0.7142857142857143,0.9942712925580456,0.95868217258446,0.17995731165458195
32246,Should Switzerland ban the registration of new passenger cars with internal combustion engines starting in 2035?,negation_hard,0.4,0.728787201539847,0.959139877486174,0.8833324260158562,0.7988795738565504,0.8461538461538461,0.6,0.9825686490713564,0.9255479519392604,0.17995731165458195
32246,Should Switzerland ban the registration of new passenger cars with internal combustion engines starting in 2035?,perfect_mix,0.4,0.728787201539847,0.959139877486174,0.8833324260158562,0.7972858300739403,0.8461538461538461,0.6,0.9821706123470016,0.9246232146685924,0.17995731165458195
32247,"To achieve climate targets, should incentives and target agreements be relied on exclusively, rather than bans and restrictions?",easy_paraphrase,0.4,0.816883779123253,0.98543555801732,0.937949076208656,0.9226831934806228,0.92,0.7777777777777778,0.9985936721530662,0.9812506867245054,0.17995731165458195
32247,"To achieve climate targets, should incentives and target agreements be relied on exclusively, rather than bans and restrictions?",hard_paraphrase,0.4,0.816883779123253,0.98543555801732,0.937949076208656,0.8489771190553183,0.92,0.6,0.9920994379601492,0.9545941728376164,0.17995731165458195
32247,"To achieve climate targets, should incentives and target agreements be relied on exclusively, rather than bans and restrictions?",negation_easy,0.4,0.816883779123253,0.98543555801732,0.937949076208656,0.8776808531448671,0.92,0.6551724137931034,0.9956181714854544,0.9663611393522764,0.17995731165458195
32247,"To achieve climate targets, should incentives and target agreements be relied on exclusively, rather than bans and restrictions?",negation_hard,0.4,0.816883779123253,0.98543555801732,0.937949076208656,0.8405686875981448,0.92,0.6,0.9907276307117008,0.9506253062071132,0.17995731165458195
32247,"To achieve climate targets, should incentives and target agreements be relied on exclusively, rather than bans and restrictions?",perfect_mix,0.4,0.816883779123253,0.98543555801732,0.937949076208656,0.8552753678995247,0.92,0.6,0.9929923880640396,0.9572030971782246,0.17995731165458195
32248,Do you think it's fair that environmental and landscape protection rules are being relaxed to allow for the development of renewable energy?,easy_paraphrase,0.4,0.8218602164703196,0.9874180634251905,0.9422648998891368,0.8969539186515383,0.92,0.7142857142857143,0.9976826898787812,0.9757020760712524,0.17995731165458195
32248,Do you think it's fair that environmental and landscape protection rules are being relaxed to allow for the development of renewable energy?,hard_paraphrase,0.4,0.8218602164703196,0.9874180634251905,0.9422648998891368,0.8754498580026466,0.92,0.6551724137931034,0.9960600769192276,0.968209021136516,0.17995731165458195
32248,Do you think it's fair that environmental and landscape protection rules are being relaxed to allow for the development of renewable energy?,negation_easy,0.4,0.8218602164703196,0.9874180634251905,0.9422648998891368,0.8797992789768176,0.92,0.6551724137931034,0.996458696909236,0.969774239555511,0.17995731165458195
32248,Do you think it's fair that environmental and landscape protection rules are being relaxed to allow for the development of renewable energy?,negation_hard,0.4,0.8218602164703196,0.9874180634251905,0.9422648998891368,0.8549138307003709,0.92,0.6,0.9937638984750038,0.9596894441561536,0.17995731165458195
32248,Do you think it's fair that environmental and landscape protection rules are being relaxed to allow for the development of renewable energy?,perfect_mix,0.4,0.8218602164703196,0.9874180634251905,0.9422648998891368,0.868868929904194,0.92,0.6551724137931034,0.995393419815511,0.9655703541317526,0.17995731165458195
32249,Should the construction of new nuclear power plants in Switzerland be allowed again?,easy_paraphrase,0.4,0.7629335829931834,0.9665589957989784,0.9008606456577468,0.8743734304671481,0.92,0.7142857142857143,0.9940639346024116,0.9598221825218805,0.17995731165458195
32249,Should the construction of new nuclear power plants in Switzerland be allowed again?,hard_paraphrase,0.4,0.7629335829931834,0.9665589957989784,0.9008606456577468,0.845847062913726,0.92,0.6,0.9900264979124374,0.9473653691665724,0.17995731165458195
32249,Should the construction of new nuclear power plants in Switzerland be allowed again?,negation_easy,0.4,0.7629335829931834,0.9665589957989784,0.9008606456577468,0.8589018275425542,0.92,0.6551724137931034,0.9920486810138788,0.9532430901180462,0.17995731165458195
32249,Should the construction of new nuclear power plants in Switzerland be allowed again?,negation_hard,0.4,0.7629335829931834,0.9665589957989784,0.9008606456577468,0.8555160124791914,0.92,0.6551724137931034,0.9915418709793185,0.9516973723810084,0.17995731165458195
32249,Should the construction of new nuclear power plants in Switzerland be allowed again?,perfect_mix,0.4,0.7629335829931834,0.9665589957989784,0.9008606456577468,0.8338691870902476,0.8461538461538461,0.6,0.9879834258773892,0.9419869455993752,0.17995731165458195
32250,Should the state guarantee a comprehensive public service offering also in rural regions?,easy_paraphrase,0.4,0.9036758786778748,0.9961338148637932,0.9747713370672092,0.9453419190881766,1.0,0.8461538461538461,0.999024006210872,0.987449261109378,0.17995731165458195
32250,Should the state guarantee a comprehensive public service offering also in rural regions?,hard_paraphrase,0.4,0.9036758786778748,0.9961338148637932,0.9747713370672092,0.9169765761189164,0.92,0.7777777777777778,0.997597759113428,0.9794149016709288,0.17995731165458195
32250,Should the state guarantee a comprehensive public service offering also in rural regions?,negation_easy,0.4,0.9036758786778748,0.9961338148637932,0.9747713370672092,0.9450350078588527,1.0,0.8461538461538461,0.9990384280786604,0.9873758253047772,0.17995731165458195
32250,Should the state guarantee a comprehensive public service offering also in rural regions?,negation_hard,0.4,0.9036758786778748,0.9961338148637932,0.9747713370672092,0.9025176010413014,0.92,0.7777777777777778,0.9963806169058854,0.9745598182729588,0.17995731165458195
32250,Should the state guarantee a comprehensive public service offering also in rural regions?,perfect_mix,0.4,0.9036758786778748,0.9961338148637932,0.9747713370672092,0.920067088036476,0.92,0.7777777777777778,0.997809825253174,0.9803426003215469,0.17995731165458195
32251,Would you be in favor of the introduction of increasing electricity tariffs when consumption is higher (progressive electricity tariffs)?,easy_paraphrase,0.4,0.8015042981165498,0.9874132395251478,0.9413311887246376,0.902309010054964,0.92,0.7142857142857143,0.9984854194296908,0.9794755287300462,0.17995731165458195
32251,Would you be in favor of the introduction of increasing electricity tariffs when consumption is higher (progressive electricity tariffs)?,hard_paraphrase,0.4,0.8015042981165498,0.9874132395251478,0.9413311887246376,0.8530338170837733,0.92,0.6551724137931034,0.9954474403474796,0.96495331005436,0.17995731165458195
32251,Would you be in favor of the introduction of increasing electricity tariffs when consumption is higher (progressive electricity tariffs)?,negation_easy,0.4,0.8015042981165498,0.9874132395251478,0.9413311887246376,0.8612115315945171,0.92,0.6551724137931034,0.9961456044677128,0.9677014739072816,0.17995731165458195
32251,Would you be in favor of the introduction of increasing electricity tariffs when consumption is higher (progressive electricity tariffs)?,negation_hard,0.4,0.8015042981165498,0.9874132395251478,0.9413311887246376,0.8251210568484652,0.8461538461538461,0.5483870967741935,0.9924237439860264,0.954498371494244,0.17995731165458195
32251,Would you be in favor of the introduction of increasing electricity tariffs when consumption is higher (progressive electricity tariffs)?,perfect_mix,0.4,0.8015042981165498,0.9874132395251478,0.9413311887246376,0.8587964033818063,0.92,0.6551724137931034,0.9959560912172276,0.966887961374259,0.17995731165458195
32252,"Are you in favor of further relaxing the protection regulations for large predators (lynx, wolf, bear)?",easy_paraphrase,0.4,0.7121046694457995,0.963437230032896,0.885582829834811,0.8668069636593476,0.92,0.7142857142857143,0.9955238976745217,0.9622948836354932,0.17995731165458195
32252,"Are you in favor of further relaxing the protection regulations for large predators (lynx, wolf, bear)?",hard_paraphrase,0.4,0.7121046694457995,0.963437230032896,0.885582829834811,0.8533316316930288,0.8461538461538461,0.7142857142857143,0.994330390865164,0.9572867463841468,0.17995731165458195
32252,"Are you in favor of further relaxing the protection regulations for large predators (lynx, wolf, bear)?",negation_easy,0.4,0.7121046694457995,0.963437230032896,0.885582829834811,0.8594886381443357,0.8461538461538461,0.7142857142857143,0.9949095497805768,0.9596428257379178,0.17995731165458195
32252,"Are you in favor of further relaxing the protection regulations for large predators (lynx, wolf, bear)?",negation_hard,0.4,0.7121046694457995,0.963437230032896,0.885582829834811,0.8365221601707155,0.8461538461538461,0.6551724137931034,0.9924449880349412,0.9503324991377726,0.17995731165458195
32252,"Are you in favor of further relaxing the protection regulations for large predators (lynx, wolf, bear)?",perfect_mix,0.4,0.7121046694457995,0.963437230032896,0.885582829834811,0.8312889474139326,0.8461538461538461,0.6551724137931034,0.9917881064133164,0.9481251865058892,0.17995731165458195
32253,Should direct payments only be granted to farmers with proof of ecological performance?,easy_paraphrase,0.4,0.7294575948368917,0.9677289578174944,0.896111677789667,0.8599140510946041,0.8461538461538461,0.7142857142857143,0.9941754132107784,0.957817711379688,0.17995731165458195
32253,Should direct payments only be granted to farmers with proof of ecological performance?,hard_paraphrase,0.4,0.7294575948368917,0.9677289578174944,0.896111677789667,0.7912989459625142,0.8461538461538461,0.6,0.9841877985610772,0.9284465379485272,0.17995731165458195
32253,Should direct payments only be granted to farmers with proof of ecological performance?,negation_easy,0.4,0.7294575948368917,0.9677289578174944,0.896111677789667,0.8640799274617601,0.8461538461538461,0.7142857142857143,0.9945313249278042,0.9594525465463266,0.17995731165458195
32253,Should direct payments only be granted to farmers with proof of ecological performance?,negation_hard,0.4,0.7294575948368917,0.9677289578174944,0.896111677789667,0.7857449755308457,0.7777777777777778,0.6,0.9828245428670318,0.9255570063108232,0.17995731165458195
32253,Should direct payments only be granted to farmers with proof of ecological performance?,perfect_mix,0.4,0.7294575948368917,0.9677289578174944,0.896111677789667,0.8024526195091694,0.8461538461538461,0.6,0.9862953085254034,0.9338476529767726,0.17995731165458195
32254,Are you in favour of stricter animal welfare regulations for livestock (e.g. permanent access to outdoor areas)?,easy_paraphrase,0.4,0.8704973989313671,0.988031499221002,0.9472168867491942,0.9418761259418388,1.0,0.8461538461538461,0.9985623148780643,0.9819565564057062,0.17995731165458195
32254,Are you in favour of stricter animal welfare regulations for livestock (e.g. permanent access to outdoor areas)?,hard_paraphrase,0.4,0.8704973989313671,0.988031499221002,0.9472168867491942,0.915800222791799,0.92,0.7777777777777778,0.9964160071949648,0.9712929887283892,0.17995731165458195
32254,Are you in favour of stricter animal welfare regulations for livestock (e.g. permanent access to outdoor areas)?,negation_easy,0.4,0.8704973989313671,0.988031499221002,0.9472168867491942,0.9342543021344047,1.0,0.7777777777777778,0.9981050187507894,0.9790976328811574,0.17995731165458195
32254,Are you in favour of stricter animal welfare regulations for livestock (e.g. permanent access to outdoor areas)?,negation_hard,0.4,0.8704973989313671,0.988031499221002,0.9472168867491942,0.9061342078051022,0.92,0.7142857142857143,0.9952423240873132,0.9668098791715364,0.17995731165458195
32254,Are you in favour of stricter animal welfare regulations for livestock (e.g. permanent access to outdoor areas)?,perfect_mix,0.4,0.8704973989313671,0.988031499221002,0.9472168867491942,0.9108957507201914,0.92,0.7142857142857143,0.9959591448812778,0.9693475022477482,0.17995731165458195
32255,Should 30% of Switzerland's land area be dedicated to preserving biodiversity? [BePart question],easy_paraphrase,0.4,0.8758137822315045,0.990408603726568,0.9545594573516436,0.9480020021236086,1.0,0.8461538461538461,0.99894810618461,0.9851752229111568,0.17995731165458195
32255,Should 30% of Switzerland's land area be dedicated to preserving biodiversity? [BePart question],hard_paraphrase,0.4,0.8758137822315045,0.990408603726568,0.9545594573516436,0.9035962409812696,0.92,0.7142857142857143,0.9955776351091142,0.9687943752895036,0.17995731165458195
32255,Should 30% of Switzerland's land area be dedicated to preserving biodiversity? [BePart question],negation_easy,0.4,0.8758137822315045,0.990408603726568,0.9545594573516436,0.939581643671061,1.0,0.8461538461538461,0.9985312151193044,0.9823435976336858,0.17995731165458195
32255,Should 30% of Switzerland's land area be dedicated to preserving biodiversity? [BePart question],negation_hard,0.4,0.8758137822315045,0.990408603726568,0.9545594573516436,0.8876739901591174,0.92,0.6551724137931034,0.992969253324574,0.9608309483218592,0.17995731165458195
32255,Should 30% of Switzerland's land area be dedicated to preserving biodiversity? [BePart question],perfect_mix,0.4,0.8758137822315045,0.990408603726568,0.9545594573516436,0.9080640041671154,0.92,0.7142857142857143,0.995959120650904,0.9702732085104164,0.17995731165458195
32256,Would you support a ban on single-use plastic and non-recyclable plastics? [BePart question],easy_paraphrase,0.4,0.768384056276468,0.9728750355327296,0.9072287725830732,0.8989461003138927,0.92,0.7777777777777778,0.9965590631164372,0.9687162782949236,0.17995731165458195
32256,Would you support a ban on single-use plastic and non-recyclable plastics? [BePart question],hard_paraphrase,0.4,0.768384056276468,0.9728750355327296,0.9072287725830732,0.8309446792678301,0.8461538461538461,0.6551724137931034,0.988044988994569,0.9397938100851194,0.17995731165458195
32256,Would you support a ban on single-use plastic and non-recyclable plastics? [BePart question],negation_easy,0.4,0.768384056276468,0.9728750355327296,0.9072287725830732,0.8959758430393417,0.92,0.7777777777777778,0.9963171621442892,0.9675766815266668,0.17995731165458195
32256,Would you support a ban on single-use plastic and non-recyclable plastics? [BePart question],negation_hard,0.4,0.768384056276468,0.9728750355327296,0.9072287725830732,0.7833815021501807,0.8461538461538461,0.5483870967741935,0.9771734956432394,0.9153748353634956,0.17995731165458195
32256,Would you support a ban on single-use plastic and non-recyclable plastics? [BePart question],perfect_mix,0.4,0.768384056276468,0.9728750355327296,0.9072287725830732,0.8426201533677964,0.8461538461538461,0.6551724137931034,0.990050469301478,0.9453415415003528,0.17995731165458195
32257,"Are you in favour of government measures to make the use of electronic devices more sustainable (e.g., right to repair, extension of warranty period, minimum guaranteed period for software updates)? [BePart question]",easy_paraphrase,0.4,0.9111208310066268,0.9935131441246156,0.9680341741140284,0.963039942541894,1.0,0.8461538461538461,0.9992774334795292,0.9892903734879256,0.17995731165458195
32257,"Are you in favour of government measures to make the use of electronic devices more sustainable (e.g., right to repair, extension of warranty period, minimum guaranteed period for software updates)? [BePart question]",hard_paraphrase,0.4,0.9111208310066268,0.9935131441246156,0.9680341741140284,0.9403442991260144,1.0,0.8461538461538461,0.9977349931702018,0.9809726451878572,0.17995731165458195
32257,"Are you in favour of government measures to make the use of electronic devices more sustainable (e.g., right to repair, extension of warranty period, minimum guaranteed period for software updates)? [BePart question]",negation_easy,0.4,0.9111208310066268,0.9935131441246156,0.9680341741140284,0.9595325650182064,1.0,0.8461538461538461,0.9990414603563906,0.9878132623901824,0.17995731165458195
32257,"Are you in favour of government measures to make the use of electronic devices more sustainable (e.g., right to repair, extension of warranty period, minimum guaranteed period for software updates)? [BePart question]",negation_hard,0.4,0.9111208310066268,0.9935131441246156,0.9680341741140284,0.9295011853986472,1.0,0.7777777777777778,0.9965477333775942,0.9765162093608576,0.17995731165458195
32257,"Are you in favour of government measures to make the use of electronic devices more sustainable (e.g., right to repair, extension of warranty period, minimum guaranteed period for software updates)? [BePart question]",perfect_mix,0.4,0.9111208310066268,0.9935131441246156,0.9680341741140284,0.9353549400566472,1.0,0.7777777777777778,0.9971312580361592,0.9787318111990814,0.17995731165458195
32258,Should the Swiss mobile network be equipped throughout the country with the latest technology (currently 5G standard)?,easy_paraphrase,0.4,0.8403333579469588,0.9881425341635582,0.9456685160048222,0.9260096151060772,1.0,0.7777777777777778,0.9986140965805476,0.9817852621867468,0.17995731165458195
32258,Should the Swiss mobile network be equipped throughout the country with the latest technology (currently 5G standard)?,hard_paraphrase,0.4,0.8403333579469588,0.9881425341635582,0.9456685160048222,0.9000983921694395,0.92,0.7142857142857143,0.9969645838411264,0.9728939264739702,0.17995731165458195
32258,Should the Swiss mobile network be equipped throughout the country with the latest technology (currently 5G standard)?,negation_easy,0.4,0.8403333579469588,0.9881425341635582,0.9456685160048222,0.9109007911127652,0.92,0.7142857142857143,0.997798676930754,0.9768752536145394,0.17995731165458195
32258,Should the Swiss mobile network be equipped throughout the country with the latest technology (currently 5G standard)?,negation_hard,0.4,0.8403333579469588,0.9881425341635582,0.9456685160048222,0.8945323477760836,0.92,0.6551724137931034,0.996513804163582,0.9708524235412536,0.17995731165458195
32258,Should the Swiss mobile network be equipped throughout the country with the latest technology (currently 5G standard)?,perfect_mix,0.4,0.8403333579469588,0.9881425341635582,0.9456685160048222,0.8953346594149699,0.92,0.7142857142857143,0.9966833380810018,0.9713916950420868,0.17995731165458195
32259,Should the federal government be given additional powers in the area of digitization of government services in order to be able to impose binding directives and standards on the cantons?,easy_paraphrase,0.4,0.8751783570226541,0.9915586927241524,0.958838905598924,0.9344049421432372,1.0,0.8461538461538461,0.9984410493521844,0.9825074049165256,0.17995731165458195
32259,Should the federal government be given additional powers in the area of digitization of government services in order to be able to impose binding directives and standards on the cantons?,hard_paraphrase,0.4,0.8751783570226541,0.9915586927241524,0.958838905598924,0.9016665034857564,0.92,0.7142857142857143,0.9957350218524732,0.9707500165054564,0.17995731165458195
32259,Should the federal government be given additional powers in the area of digitization of government services in order to be able to impose binding directives and standards on the cantons?,negation_easy,0.4,0.8751783570226541,0.9915586927241524,0.958838905598924,0.913583674855131,0.92,0.7777777777777778,0.996973543310028,0.9753284841513848,0.17995731165458195
32259,Should the federal government be given additional powers in the area of digitization of government services in order to be able to impose binding directives and standards on the cantons?,negation_hard,0.4,0.8751783570226541,0.9915586927241524,0.958838905598924,0.8800606060599964,0.92,0.6551724137931034,0.9924572914576326,0.9611446304623276,0.17995731165458195
32259,Should the federal government be given additional powers in the area of digitization of government services in order to be able to impose binding directives and standards on the cantons?,perfect_mix,0.4,0.8751783570226541,0.9915586927241524,0.958838905598924,0.8918625748345382,0.92,0.7142857142857143,0.9944642789299456,0.9665724595846475,0.17995731165458195
32260,"Are you in favor of stronger regulation of the major Internet platforms (i.e., transparency rules on algorithms, increased liability for content, combating disinformation)?",easy_paraphrase,0.4,0.7839936941494857,0.9764442936591452,0.920091869116172,0.9213783235748596,0.92,0.8461538461538461,0.9982270705084288,0.9794207083523566,0.17995731165458195
32260,"Are you in favor of stronger regulation of the major Internet platforms (i.e., transparency rules on algorithms, increased liability for content, combating disinformation)?",hard_paraphrase,0.4,0.7839936941494857,0.9764442936591452,0.920091869116172,0.8698619144908262,0.92,0.7142857142857143,0.9940287365950496,0.9611204008988417,0.17995731165458195
32260,"Are you in favor of stronger regulation of the major Internet platforms (i.e., transparency rules on algorithms, increased liability for content, combating disinformation)?",negation_easy,0.4,0.7839936941494857,0.9764442936591452,0.920091869116172,0.8783121248450932,0.92,0.7142857142857143,0.994973646576897,0.9644488109505432,0.17995731165458195
32260,"Are you in favor of stronger regulation of the major Internet platforms (i.e., transparency rules on algorithms, increased liability for content, combating disinformation)?",negation_hard,0.4,0.7839936941494857,0.9764442936591452,0.920091869116172,0.8303405347508788,0.8461538461538461,0.6551724137931034,0.9881462821023598,0.9442817109501528,0.17995731165458195
32260,"Are you in favor of stronger regulation of the major Internet platforms (i.e., transparency rules on algorithms, increased liability for content, combating disinformation)?",perfect_mix,0.4,0.7839936941494857,0.9764442936591452,0.920091869116172,0.8633116264038186,0.92,0.7142857142857143,0.9932517276852314,0.9585306483094004,0.17995731165458195
32261,"A popular initiative aims to reduce television and radio fees (CHF 200 per household, exemption for businesses). Do you support this initiative?",easy_paraphrase,0.4,0.6894086223748165,0.950189821902682,0.8721972024225694,0.8175597282355248,0.8461538461538461,0.6,0.9903402196233348,0.9460825724289178,0.17995731165458195
32261,"A popular initiative aims to reduce television and radio fees (CHF 200 per household, exemption for businesses). Do you support this initiative?",hard_paraphrase,0.4,0.6894086223748165,0.950189821902682,0.8721972024225694,0.747634244520476,0.7777777777777778,0.4545454545454545,0.9752830515939348,0.9117856062603874,0.17995731165458195
32261,"A popular initiative aims to reduce television and radio fees (CHF 200 per household, exemption for businesses). Do you support this initiative?",negation_easy,0.4,0.6894086223748165,0.950189821902682,0.8721972024225694,0.812694081404234,0.8461538461538461,0.6,0.9896218000336852,0.9440241252984428,0.17995731165458195
32261,"A popular initiative aims to reduce television and radio fees (CHF 200 per household, exemption for businesses). Do you support this initiative?",negation_hard,0.4,0.6894086223748165,0.950189821902682,0.8721972024225694,0.7365303371138787,0.7777777777777778,0.4545454545454545,0.9716470919115442,0.9051848831471614,0.17995731165458195
32261,"A popular initiative aims to reduce television and radio fees (CHF 200 per household, exemption for businesses). Do you support this initiative?",perfect_mix,0.4,0.6894086223748165,0.950189821902682,0.8721972024225694,0.7434334649315164,0.7777777777777778,0.4545454545454545,0.9738722571726034,0.9091923993962294,0.17995731165458195
32262,Are you in favour of lowering the voting age to 16?,easy_paraphrase,0.4,0.8240354788839755,0.9776144431768952,0.9304996454692684,0.9157208236591023,1.0,0.7142857142857143,0.9973323179991614,0.9762964058730372,0.17995731165458195
32262,Are you in favour of lowering the voting age to 16?,hard_paraphrase,0.4,0.8240354788839755,0.9776144431768952,0.9304996454692684,0.8554443624748086,0.92,0.5483870967741935,0.9888770320422112,0.9507074205698204,0.17995731165458195
32262,Are you in favour of lowering the voting age to 16?,negation_easy,0.4,0.8240354788839755,0.9776144431768952,0.9304996454692684,0.8934924942043333,1.0,0.6551724137931034,0.9952048978394676,0.9679632155694416,0.17995731165458195
32262,Are you in favour of lowering the voting age to 16?,negation_hard,0.4,0.8240354788839755,0.9776144431768952,0.9304996454692684,0.8608756794115935,0.92,0.5483870967741935,0.9901895980243384,0.9534888771326216,0.17995731165458195
32262,Are you in favour of lowering the voting age to 16?,perfect_mix,0.4,0.8240354788839755,0.9776144431768952,0.9304996454692684,0.8798621594261855,1.0,0.6,0.993226759494812,0.9620483582816056,0.17995731165458195
32263,Should it be possible to hold a referendum on federal spending above a certain amount (optional financial referendum)?,easy_paraphrase,0.4,0.781465022639555,0.9826071731162852,0.928960244356667,0.8531474851793301,0.92,0.6,0.9957221968265908,0.9651067517552456,0.17995731165458195
32263,Should it be possible to hold a referendum on federal spending above a certain amount (optional financial referendum)?,hard_paraphrase,0.4,0.781465022639555,0.9826071731162852,0.928960244356667,0.8014886922147334,0.8461538461538461,0.5,0.9885479611693296,0.9424331013563976,0.17995731165458195
32263,Should it be possible to hold a referendum on federal spending above a certain amount (optional financial referendum)?,negation_easy,0.4,0.781465022639555,0.9826071731162852,0.928960244356667,0.842978635731432,0.92,0.6,0.9947292209040028,0.961254790436965,0.17995731165458195
32263,Should it be possible to hold a referendum on federal spending above a certain amount (optional financial referendum)?,negation_hard,0.4,0.781465022639555,0.9826071731162852,0.928960244356667,0.7954119278961637,0.8461538461538461,0.5,0.987204305320136,0.9390698238888002,0.17995731165458195
32263,Should it be possible to hold a referendum on federal spending above a certain amount (optional financial referendum)?,perfect_mix,0.4,0.781465022639555,0.9826071731162852,0.928960244356667,0.81487767750967,0.8461538461538461,0.5483870967741935,0.990967794562334,0.9490738675312772,0.17995731165458195
32264,"Are you in favor of expanding the army's target number of soldiers to at least 120,000?",easy_paraphrase,0.4,0.7392254315313819,0.9620380696882826,0.8869684244642857,0.8627445823562154,0.92,0.7142857142857143,0.9935599229786224,0.9554080178113616,0.17995731165458195
32264,"Are you in favor of expanding the army's target number of soldiers to at least 120,000?",hard_paraphrase,0.4,0.7392254315313819,0.9620380696882826,0.8869684244642857,0.8110300307614488,0.8461538461538461,0.6,0.985449254151438,0.931404925932132,0.17995731165458195
32264,"Are you in favor of expanding the army's target number of soldiers to at least 120,000?",negation_easy,0.4,0.7392254315313819,0.9620380696882826,0.8869684244642857,0.8589018845801816,0.92,0.6551724137931034,0.9930917745572094,0.9537417178573984,0.17995731165458195
32264,"Are you in favor of expanding the army's target number of soldiers to at least 120,000?",negation_hard,0.4,0.7392254315313819,0.9620380696882826,0.8869684244642857,0.7717398424360069,0.7777777777777778,0.5,0.9749613289085,0.9090471982640516,0.17995731165458195
32264,"Are you in favor of expanding the army's target number of soldiers to at least 120,000?",perfect_mix,0.4,0.7392254315313819,0.9620380696882826,0.8869684244642857,0.8124982128709461,0.8461538461538461,0.6,0.9857046404677092,0.9321178372894806,0.17995731165458195
32265,Should the Swiss Armed Forces expand their cooperation with NATO?,easy_paraphrase,0.4,0.8138058653053868,0.9840001407552696,0.9340916895380118,0.9098227374012758,0.92,0.7777777777777778,0.9979872761742784,0.9773684414603804,0.17995731165458195
32265,Should the Swiss Armed Forces expand their cooperation with NATO?,hard_paraphrase,0.4,0.8138058653053868,0.9840001407552696,0.9340916895380118,0.8626161463271557,0.92,0.6551724137931034,0.9938323030161732,0.9595964234312224,0.17995731165458195
32265,Should the Swiss Armed Forces expand their cooperation with NATO?,negation_easy,0.4,0.8138058653053868,0.9840001407552696,0.9340916895380118,0.9070146675950498,0.92,0.7142857142857143,0.9978512035045168,0.9765023712023982,0.17995731165458195
32265,Should the Swiss Armed Forces expand their cooperation with NATO?,negation_hard,0.4,0.8138058653053868,0.9840001407552696,0.9340916895380118,0.8387178768491083,0.92,0.5483870967741935,0.9902147934298764,0.9484806107659118,0.17995731165458195
32265,Should the Swiss Armed Forces expand their cooperation with NATO?,perfect_mix,0.4,0.8138058653053868,0.9840001407552696,0.9340916895380118,0.8532254184658448,0.92,0.6,0.9925164344867844,0.9553676939551312,0.17995731165458195
32266,"Should the Federal Council be allowed to authorize other states to re-export Swiss weapons in cases of a war of aggression in violation of international law (e.g., the attack on Ukraine)? [BePart question]",easy_paraphrase,0.4,0.806367822573844,0.9814845684053428,0.9289793925411464,0.8838950236057631,0.92,0.7142857142857143,0.996471429469382,0.969400785525838,0.17995731165458195
32266,"Should the Federal Council be allowed to authorize other states to re-export Swiss weapons in cases of a war of aggression in violation of international law (e.g., the attack on Ukraine)? [BePart question]",hard_paraphrase,0.4,0.806367822573844,0.9814845684053428,0.9289793925411464,0.8699447170025361,0.92,0.6551724137931034,0.9949356952568608,0.9634625688869952,0.17995731165458195
32266,"Should the Federal Council be allowed to authorize other states to re-export Swiss weapons in cases of a war of aggression in violation of international law (e.g., the attack on Ukraine)? [BePart question]",negation_easy,0.4,0.806367822573844,0.9814845684053428,0.9289793925411464,0.8890183869404974,0.92,0.7142857142857143,0.996768874246071,0.971001969217383,0.17995731165458195
32266,"Should the Federal Council be allowed to authorize other states to re-export Swiss weapons in cases of a war of aggression in violation of international law (e.g., the attack on Ukraine)? [BePart question]",negation_hard,0.4,0.806367822573844,0.9814845684053428,0.9289793925411464,0.8630754451894198,0.92,0.6551724137931034,0.9942356283243116,0.9607732412756336,0.17995731165458195
32266,"Should the Federal Council be allowed to authorize other states to re-export Swiss weapons in cases of a war of aggression in violation of international law (e.g., the attack on Ukraine)? [BePart question]",perfect_mix,0.4,0.806367822573844,0.9814845684053428,0.9289793925411464,0.8590558256771519,0.92,0.6,0.9936237245492234,0.9587966648182864,0.17995731165458195
32267,Should automatic facial recognition be banned in public spaces?,easy_paraphrase,0.4,0.6919279204466403,0.9655525483194594,0.8903702086460652,0.8478868535724862,0.8461538461538461,0.6551724137931034,0.9954748764990052,0.9624804697970056,0.17995731165458195
32267,Should automatic facial recognition be banned in public spaces?,hard_paraphrase,0.4,0.6919279204466403,0.9655525483194594,0.8903702086460652,0.7602667988739612,0.7777777777777778,0.5,0.984646788800406,0.9286938314761504,0.17995731165458195
32267,Should automatic facial recognition be banned in public spaces?,negation_easy,0.4,0.6919279204466403,0.9655525483194594,0.8903702086460652,0.8431658493215074,0.8461538461538461,0.6551724137931034,0.9951262748202936,0.9609553736638484,0.17995731165458195
32267,Should automatic facial recognition be banned in public spaces?,negation_hard,0.4,0.6919279204466403,0.9655525483194594,0.8903702086460652,0.7431650061675039,0.7777777777777778,0.4545454545454545,0.9810578060942466,0.9202673887920976,0.17995731165458195
32267,Should automatic facial recognition be banned in public spaces?,perfect_mix,0.4,0.6919279204466403,0.9655525483194594,0.8903702086460652,0.7783879457832211,0.7777777777777778,0.5483870967741935,0.9878241799199406,0.9369219346599944,0.17995731165458195
32268,Should Switzerland terminate the Schengen agreement with the EU and reintroduce more security checks directly on the border? [BePart question],easy_paraphrase,0.4,0.8503422623842457,0.9811128732654154,0.9375484344947694,0.9124491652692994,0.92,0.7142857142857143,0.9955067523697806,0.9697101873039724,0.17995731165458195
32268,Should Switzerland terminate the Schengen agreement with the EU and reintroduce more security checks directly on the border? [BePart question],hard_paraphrase,0.4,0.8503422623842457,0.9811128732654154,0.9375484344947694,0.8921185878803413,0.92,0.7142857142857143,0.992622817088016,0.9610517576559684,0.17995731165458195
32268,Should Switzerland terminate the Schengen agreement with the EU and reintroduce more security checks directly on the border? [BePart question],negation_easy,0.4,0.8503422623842457,0.9811128732654154,0.9375484344947694,0.9161412588301592,0.92,0.7777777777777778,0.9958153786853322,0.9710084778852536,0.17995731165458195
32268,Should Switzerland terminate the Schengen agreement with the EU and reintroduce more security checks directly on the border? [BePart question],negation_hard,0.4,0.8503422623842457,0.9811128732654154,0.9375484344947694,0.8698748049117543,0.92,0.6551724137931034,0.9879508902003906,0.949740892541966,0.17995731165458195
32268,Should Switzerland terminate the Schengen agreement with the EU and reintroduce more security checks directly on the border? [BePart question],perfect_mix,0.4,0.8503422623842457,0.9811128732654154,0.9375484344947694,0.8796429345834891,0.92,0.6551724137931034,0.98976940849585,0.954012828030054,0.17995731165458195
32269,Are you in favor of closer relations with the European Union (EU)?,easy_paraphrase,0.4,0.87803809259626,0.9904848385847944,0.9546493103627524,0.9384174147226568,1.0,0.8461538461538461,0.9982855465061012,0.9809819189301832,0.17995731165458195
32269,Are you in favor of closer relations with the European Union (EU)?,hard_paraphrase,0.4,0.87803809259626,0.9904848385847944,0.9546493103627524,0.9024304175502036,0.92,0.7142857142857143,0.9947860655035288,0.9665164561090924,0.17995731165458195
32269,Are you in favor of closer relations with the European Union (EU)?,negation_easy,0.4,0.87803809259626,0.9904848385847944,0.9546493103627524,0.9292408220826316,1.0,0.7777777777777778,0.9976205038886072,0.9775194084083464,0.17995731165458195
32269,Are you in favor of closer relations with the European Union (EU)?,negation_hard,0.4,0.87803809259626,0.9904848385847944,0.9546493103627524,0.8910189906024224,0.92,0.7142857142857143,0.9937221212086172,0.9625652552181272,0.17995731165458195
32269,Are you in favor of closer relations with the European Union (EU)?,perfect_mix,0.4,0.87803809259626,0.9904848385847944,0.9546493103627524,0.8921251149276705,0.92,0.7142857142857143,0.993740422035743,0.9628883146439222,0.17995731165458195
32270,Should Switzerland strive for a comprehensive free trade agreement (including agriculture) with the USA?,easy_paraphrase,0.4,0.6841173645262428,0.963159105622889,0.8769185431127807,0.8045042139189751,0.7777777777777778,0.6,0.9906402099652046,0.9411609118846008,0.17995731165458195
32270,Should Switzerland strive for a comprehensive free trade agreement (including agriculture) with the USA?,hard_paraphrase,0.4,0.6841173645262428,0.963159105622889,0.8769185431127807,0.7672766207311447,0.7777777777777778,0.5483870967741935,0.985186668122896,0.9246867978427616,0.17995731165458195
32270,Should Switzerland strive for a comprehensive free trade agreement (including agriculture) with the USA?,negation_easy,0.4,0.6841173645262428,0.963159105622889,0.8769185431127807,0.8203434045435033,0.8461538461538461,0.6551724137931034,0.992513331158144,0.947815219628668,0.17995731165458195
32270,Should Switzerland strive for a comprehensive free trade agreement (including agriculture) with the USA?,negation_hard,0.4,0.6841173645262428,0.963159105622889,0.8769185431127807,0.7549908436592306,0.7777777777777778,0.5483870967741935,0.9828823973523384,0.9186221835307352,0.17995731165458195
32270,Should Switzerland strive for a comprehensive free trade agreement (including agriculture) with the USA?,perfect_mix,0.4,0.6841173645262428,0.963159105622889,0.8769185431127807,0.7531844228598429,0.7777777777777778,0.5483870967741935,0.9825227443428696,0.9176907064380896,0.17995731165458195
32271,Should Swiss companies be obliged to ensure that their subsidiaries and suppliers operating abroad comply with social and environmental standards?,easy_paraphrase,0.4,0.914686982867774,0.9930134977089374,0.9656664954371308,0.9535087755521694,1.0,0.8461538461538461,0.9984632445507003,0.9840327337080468,0.17995731165458195
32271,Should Swiss companies be obliged to ensure that their subsidiaries and suppliers operating abroad comply with social and environmental standards?,hard_paraphrase,0.4,0.914686982867774,0.9930134977089374,0.9656664954371308,0.9421320139251066,1.0,0.8461538461538461,0.99742922197217,0.979212675672922,0.17995731165458195
32271,Should Swiss companies be obliged to ensure that their subsidiaries and suppliers operating abroad comply with social and environmental standards?,negation_easy,0.4,0.914686982867774,0.9930134977089374,0.9656664954371308,0.9521177114136116,1.0,0.8461538461538461,0.9983505790487418,0.9834396311289892,0.17995731165458195
32271,Should Swiss companies be obliged to ensure that their subsidiaries and suppliers operating abroad comply with social and environmental standards?,negation_hard,0.4,0.914686982867774,0.9930134977089374,0.9656664954371308,0.9422481196780688,1.0,0.8461538461538461,0.9974418797108968,0.9792573430702666,0.17995731165458195
32271,Should Swiss companies be obliged to ensure that their subsidiaries and suppliers operating abroad comply with social and environmental standards?,perfect_mix,0.4,0.914686982867774,0.9930134977089374,0.9656664954371308,0.9385135759010506,1.0,0.7777777777777778,0.997011985985855,0.9775830133942374,0.17995731165458195
32272,Should Switzerland terminate the Bilateral Agreements with the EU and seek a free trade agreement without the free movement of persons?,easy_paraphrase,0.4,0.8721435055396277,0.9862863974361152,0.9494856435022724,0.9331202405122708,1.0,0.7777777777777778,0.9972786113864812,0.978074530763054,0.17995731165458195
32272,Should Switzerland terminate the Bilateral Agreements with the EU and seek a free trade agreement without the free movement of persons?,hard_paraphrase,0.4,0.8721435055396277,0.9862863974361152,0.9494856435022724,0.9142367283339324,0.92,0.7777777777777778,0.9950844179982452,0.9702784460814068,0.17995731165458195
32272,Should Switzerland terminate the Bilateral Agreements with the EU and seek a free trade agreement without the free movement of persons?,negation_easy,0.4,0.8721435055396277,0.9862863974361152,0.9494856435022724,0.9474151898647484,1.0,0.8461538461538461,0.9985508684167984,0.9839765517273676,0.17995731165458195
32272,Should Switzerland terminate the Bilateral Agreements with the EU and seek a free trade agreement without the free movement of persons?,negation_hard,0.4,0.8721435055396277,0.9862863974361152,0.9494856435022724,0.8849724834909378,0.92,0.6551724137931034,0.9898986375411528,0.9565005183091828,0.17995731165458195
32272,Should Switzerland terminate the Bilateral Agreements with the EU and seek a free trade agreement without the free movement of persons?,perfect_mix,0.4,0.8721435055396277,0.9862863974361152,0.9494856435022724,0.9078143075016047,0.92,0.7142857142857143,0.9942085335973856,0.9675296303839308,0.17995731165458195
32273,Should Switzerland return to a strict interpretation of neutrality (renounce economic sanctions to a large extent)? [BePart question],easy_paraphrase,0.4,0.8153180311839784,0.976369205939156,0.9247188976771076,0.8948918144112588,0.92,0.7142857142857143,0.9944713132200323,0.9644780855401668,0.17995731165458195
32273,Should Switzerland return to a strict interpretation of neutrality (renounce economic sanctions to a large extent)? [BePart question],hard_paraphrase,0.4,0.8153180311839784,0.976369205939156,0.9247188976771076,0.8156732247680107,0.8461538461538461,0.5483870967741935,0.9767054293145512,0.9250646555838152,0.17995731165458195
32273,Should Switzerland return to a strict interpretation of neutrality (renounce economic sanctions to a large extent)? [BePart question],negation_easy,0.4,0.8153180311839784,0.976369205939156,0.9247188976771076,0.8774784326077787,0.92,0.6551724137931034,0.992220347675605,0.9573598447338364,0.17995731165458195
32273,Should Switzerland return to a strict interpretation of neutrality (renounce economic sanctions to a large extent)? [BePart question],negation_hard,0.4,0.8153180311839784,0.976369205939156,0.9247188976771076,0.8248053064844938,0.8461538461538461,0.5483870967741935,0.979477988607417,0.929994819941756,0.17995731165458195
32273,Should Switzerland return to a strict interpretation of neutrality (renounce economic sanctions to a large extent)? [BePart question],perfect_mix,0.4,0.8153180311839784,0.976369205939156,0.9247188976771076,0.837397966665752,0.92,0.6,0.9832926641416552,0.937139191942704,0.17995731165458195
32274,"What is your position the following statement: ""Someone who is not guilty, has nothing to fear from state security measures.""",easy_paraphrase,0.4,0.8074815870612332,0.9881089401586712,0.941488343933805,0.8658690620622882,0.92,0.6551724137931034,0.9961158160666264,0.9670565268716323,0.17995731165458195
32274,"What is your position the following statement: ""Someone who is not guilty, has nothing to fear from state security measures.""",hard_paraphrase,0.4,0.8074815870612332,0.9881089401586712,0.941488343933805,0.8151079012420515,0.8461538461538461,0.5483870967741935,0.990043529624969,0.946379324662066,0.17995731165458195
32274,"What is your position the following statement: ""Someone who is not guilty, has nothing to fear from state security measures.""",negation_easy,0.4,0.8074815870612332,0.9881089401586712,0.941488343933805,0.834648582807648,0.8461538461538461,0.6,0.9929805526921244,0.955222775121787,0.17995731165458195
32274,"What is your position the following statement: ""Someone who is not guilty, has nothing to fear from state security measures.""",negation_hard,0.4,0.8074815870612332,0.9881089401586712,0.941488343933805,0.8118079985657103,0.8461538461538461,0.5483870967741935,0.9893706870123729,0.9446084139362942,0.17995731165458195
32274,"What is your position the following statement: ""Someone who is not guilty, has nothing to fear from state security measures.""",perfect_mix,0.4,0.8074815870612332,0.9881089401586712,0.941488343933805,0.817348006932991,0.8461538461538461,0.5483870967741935,0.9904187359159372,0.94745946869424,0.17995731165458195
32275,"What is your position the following statement: ""In the long term, everyone benefits from a free market economy in the long term.""",easy_paraphrase,0.4,0.8666253735836289,0.9933399907628316,0.9580003085832118,0.9386701716346176,1.0,0.8461538461538461,0.9990217136995974,0.9844504467293802,0.17995731165458195
32275,"What is your position the following statement: ""In the long term, everyone benefits from a free market economy in the long term.""",hard_paraphrase,0.4,0.8666253735836289,0.9933399907628316,0.9580003085832118,0.8775202869438811,0.92,0.6551724137931034,0.99469385079411,0.9626834030463534,0.17995731165458195
32275,"What is your position the following statement: ""In the long term, everyone benefits from a free market economy in the long term.""",negation_easy,0.4,0.8666253735836289,0.9933399907628316,0.9580003085832118,0.9186770726654108,0.92,0.7777777777777778,0.998096573781522,0.978040096322368,0.17995731165458195
32275,"What is your position the following statement: ""In the long term, everyone benefits from a free market economy in the long term.""",negation_hard,0.4,0.8666253735836289,0.9933399907628316,0.9580003085832118,0.87534151520603,0.92,0.6551724137931034,0.9944992812929404,0.9619038325606696,0.17995731165458195
32275,"What is your position the following statement: ""In the long term, everyone benefits from a free market economy in the long term.""",perfect_mix,0.4,0.8666253735836289,0.9933399907628316,0.9580003085832118,0.8850188149865283,0.92,0.7142857142857143,0.995533250742266,0.9658472396471552,0.17995731165458195
32276,"What is your position the following statement: ""It is necessary for the State to balance out differences in income and wealth through redistribution"".",easy_paraphrase,0.4,0.9000620634800861,0.9947413282733714,0.9640896122598442,0.939799421529398,1.0,0.8461538461538461,0.998499450392484,0.9810722146941696,0.17995731165458195
32276,"What is your position the following statement: ""It is necessary for the State to balance out differences in income and wealth through redistribution"".",hard_paraphrase,0.4,0.9000620634800861,0.9947413282733714,0.9640896122598442,0.9227103272138956,1.0,0.7777777777777778,0.9972895849454144,0.9743716783850518,0.17995731165458195
32276,"What is your position the following statement: ""It is necessary for the State to balance out differences in income and wealth through redistribution"".",negation_easy,0.4,0.9000620634800861,0.9947413282733714,0.9640896122598442,0.9397767565671884,1.0,0.8461538461538461,0.9984936083332494,0.9810536772378956,0.17995731165458195
32276,"What is your position the following statement: ""It is necessary for the State to balance out differences in income and wealth through redistribution"".",negation_hard,0.4,0.9000620634800861,0.9947413282733714,0.9640896122598442,0.9122629442250632,0.92,0.7777777777777778,0.9962885921768468,0.9699487421032228,0.17995731165458195
32276,"What is your position the following statement: ""It is necessary for the State to balance out differences in income and wealth through redistribution"".",perfect_mix,0.4,0.9000620634800861,0.9947413282733714,0.9640896122598442,0.9204509201972858,1.0,0.7777777777777778,0.997118352213494,0.9736001997973756,0.17995731165458195
32277,"What is your position the following statement: ""It is best for a child, when one parent stays home full-time for childcare.""",easy_paraphrase,0.4,0.8641141149313374,0.991556624646437,0.9541514375095356,0.927144558706635,1.0,0.7777777777777778,0.998373598461498,0.980166802859558,0.17995731165458195
32277,"What is your position the following statement: ""It is best for a child, when one parent stays home full-time for childcare.""",hard_paraphrase,0.4,0.8641141149313374,0.991556624646437,0.9541514375095356,0.8982708261988548,0.92,0.7142857142857143,0.9963301933969628,0.969733283911482,0.17995731165458195
32277,"What is your position the following statement: ""It is best for a child, when one parent stays home full-time for childcare.""",negation_easy,0.4,0.8641141149313374,0.991556624646437,0.9541514375095356,0.894009644400262,0.92,0.7142857142857143,0.9958761492171316,0.968155214126398,0.17995731165458195
32277,"What is your position the following statement: ""It is best for a child, when one parent stays home full-time for childcare.""",negation_hard,0.4,0.8641141149313374,0.991556624646437,0.9541514375095356,0.8908331640132658,0.92,0.7142857142857143,0.995605552330034,0.9668443727796514,0.17995731165458195
32277,"What is your position the following statement: ""It is best for a child, when one parent stays home full-time for childcare.""",perfect_mix,0.4,0.8641141149313374,0.991556624646437,0.9541514375095356,0.8979537036098082,0.92,0.7142857142857143,0.9963076933353974,0.969745200382055,0.17995731165458195
32278,"What is your position the following statement: ""The ongoing digitalization offers significantly more opportunities than risks.""",easy_paraphrase,0.4,0.8866577676435018,0.996352320317356,0.970165399187524,0.9582167017263742,1.0,0.8461538461538461,0.9996609322221728,0.9912749370467332,0.17995731165458195
32278,"What is your position the following statement: ""The ongoing digitalization offers significantly more opportunities than risks.""",hard_paraphrase,0.4,0.8866577676435018,0.996352320317356,0.970165399187524,0.9112918923887038,0.92,0.7777777777777778,0.9980924584828508,0.9784655419750762,0.17995731165458195
32278,"What is your position the following statement: ""The ongoing digitalization offers significantly more opportunities than risks.""",negation_easy,0.4,0.8866577676435018,0.996352320317356,0.970165399187524,0.945717875334266,1.0,0.8461538461538461,0.9994123980219548,0.98824379293183,0.17995731165458195
32278,"What is your position the following statement: ""The ongoing digitalization offers significantly more opportunities than risks.""",negation_hard,0.4,0.8866577676435018,0.996352320317356,0.970165399187524,0.8981060478954744,0.92,0.7142857142857143,0.9972530837496324,0.9741323328482157,0.17995731165458195
32278,"What is your position the following statement: ""The ongoing digitalization offers significantly more opportunities than risks.""",perfect_mix,0.4,0.8866577676435018,0.996352320317356,0.970165399187524,0.9065462425651214,0.92,0.7777777777777778,0.9978051991420508,0.9769217163422108,0.17995731165458195
32279,"What is your position the following statement: ""Punishing criminals is more important than reintegrating them into society.""",easy_paraphrase,0.4,0.8898383677413072,0.995062254686243,0.9653975343458272,0.9586512151802762,1.0,0.8461538461538461,0.9995236980086144,0.9895275017504408,0.17995731165458195
32279,"What is your position the following statement: ""Punishing criminals is more important than reintegrating them into society.""",hard_paraphrase,0.4,0.8898383677413072,0.995062254686243,0.9653975343458272,0.9251324206867606,1.0,0.7777777777777778,0.9981272229090614,0.97879629617512,0.17995731165458195
32279,"What is your position the following statement: ""Punishing criminals is more important than reintegrating them into society.""",negation_easy,0.4,0.8898383677413072,0.995062254686243,0.9653975343458272,0.9250377456607602,1.0,0.7777777777777778,0.9981308910115236,0.978762567481518,0.17995731165458195
32279,"What is your position the following statement: ""Punishing criminals is more important than reintegrating them into society.""",negation_hard,0.4,0.8898383677413072,0.995062254686243,0.9653975343458272,0.9090744684803465,0.92,0.7777777777777778,0.9971196251282004,0.973273289474524,0.17995731165458195
32279,"What is your position the following statement: ""Punishing criminals is more important than reintegrating them into society.""",perfect_mix,0.4,0.8898383677413072,0.995062254686243,0.9653975343458272,0.9231475767208354,1.0,0.7777777777777778,0.9980044313038328,0.978111243901875,0.17995731165458195
32280,"What is your position the following statement: ""Stronger environmental protection is necessary, even if its application limits economic growth.""",easy_paraphrase,0.4,0.9148179351030972,0.9959536943366348,0.9692747709366842,0.9520955207031856,1.0,0.8461538461538461,0.9990012456815648,0.9848691034210602,0.17995731165458195
32280,"What is your position the following statement: ""Stronger environmental protection is necessary, even if its application limits economic growth.""",hard_paraphrase,0.4,0.9148179351030972,0.9959536943366348,0.9692747709366842,0.9332367317428376,1.0,0.8461538461538461,0.9978401630916812,0.9774599842531404,0.17995731165458195
32280,"What is your position the following statement: ""Stronger environmental protection is necessary, even if its application limits economic growth.""",negation_easy,0.4,0.9148179351030972,0.9959536943366348,0.9692747709366842,0.9390001646737806,1.0,0.8461538461538461,0.99825763308639,0.9798186491734052,0.17995731165458195
32280,"What is your position the following statement: ""Stronger environmental protection is necessary, even if its application limits economic growth.""",negation_hard,0.4,0.9148179351030972,0.9959536943366348,0.9692747709366842,0.9275569658149956,1.0,0.7777777777777778,0.997360646473108,0.975115399676658,0.17995731165458195
32280,"What is your position the following statement: ""Stronger environmental protection is necessary, even if its application limits economic growth.""",perfect_mix,0.4,0.9148179351030972,0.9959536943366348,0.9692747709366842,0.9266497550204283,1.0,0.7777777777777778,0.997263792166883,0.9748016400669712,0.17995731165458195
32281,"Should the federal government spend more or less in the area of ""Social services""?",easy_paraphrase,0.4,0.91282342106593,0.9975312187870156,0.9774828406810028,0.9480556686702518,1.0,0.8461538461538461,0.999331246466838,0.987895887698736,0.17995731165458195
32281,"Should the federal government spend more or less in the area of ""Social services""?",hard_paraphrase,0.4,0.91282342106593,0.9975312187870156,0.9774828406810028,0.9113853889824242,0.92,0.7777777777777778,0.9976673439084088,0.9775926534230608,0.17995731165458195
32281,"Should the federal government spend more or less in the area of ""Social services""?",negation_easy,0.4,0.91282342106593,0.9975312187870156,0.9774828406810028,0.9447383584635968,1.0,0.8461538461538461,0.999173323757488,0.9867289984497182,0.17995731165458195
32281,"Should the federal government spend more or less in the area of ""Social services""?",negation_hard,0.4,0.91282342106593,0.9975312187870156,0.9774828406810028,0.9131638718327592,0.92,0.7777777777777778,0.9976053096124324,0.9777827067254424,0.17995731165458195
32281,"Should the federal government spend more or less in the area of ""Social services""?",perfect_mix,0.4,0.91282342106593,0.9975312187870156,0.9774828406810028,0.9237903290418542,0.92,0.7777777777777778,0.9983222846365604,0.9809493224404294,0.17995731165458195
32282,"Should the federal government spend more or less in the area of ""Education and research""?",easy_paraphrase,0.4,0.9218690912936665,0.9986446097329328,0.9835239319287556,0.9590387301366112,1.0,0.92,0.9997037567823088,0.9918855895375662,0.17995731165458195
32282,"Should the federal government spend more or less in the area of ""Education and research""?",hard_paraphrase,0.4,0.9218690912936665,0.9986446097329328,0.9835239319287556,0.922525627131965,0.92,0.7777777777777778,0.9987431897822642,0.9836859576702878,0.17995731165458195
32282,"Should the federal government spend more or less in the area of ""Education and research""?",negation_easy,0.4,0.9218690912936665,0.9986446097329328,0.9835239319287556,0.9532990657088182,1.0,0.8461538461538461,0.999617552319422,0.9907509816365312,0.17995731165458195
32282,"Should the federal government spend more or less in the area of ""Education and research""?",negation_hard,0.4,0.9218690912936665,0.9986446097329328,0.9835239319287556,0.9295003898851444,0.92,0.7777777777777778,0.9989426051519826,0.985454635076334,0.17995731165458195
32282,"Should the federal government spend more or less in the area of ""Education and research""?",perfect_mix,0.4,0.9218690912936665,0.9986446097329328,0.9835239319287556,0.9306956064513916,0.92,0.8461538461538461,0.9990493677940115,0.9856572526824922,0.17995731165458195
32283,"Should the federal government spend more or less in the area of ""Agriculture""?",easy_paraphrase,0.4,0.8954374570984116,0.9967265106474084,0.9738069909636444,0.9378080917928768,1.0,0.8461538461538461,0.9991007093687568,0.9865184403740564,0.17995731165458195
32283,"Should the federal government spend more or less in the area of ""Agriculture""?",hard_paraphrase,0.4,0.8954374570984116,0.9967265106474084,0.9738069909636444,0.9079987014938355,0.92,0.7777777777777778,0.9977969682322348,0.9783610161937694,0.17995731165458195
32283,"Should the federal government spend more or less in the area of ""Agriculture""?",negation_easy,0.4,0.8954374570984116,0.9967265106474084,0.9738069909636444,0.9366864794390736,1.0,0.8461538461538461,0.999073425615316,0.9862800344962156,0.17995731165458195
32283,"Should the federal government spend more or less in the area of ""Agriculture""?",negation_hard,0.4,0.8954374570984116,0.9967265106474084,0.9738069909636444,0.8937900878526105,0.92,0.7142857142857143,0.9968912779877092,0.9740409164130152,0.17995731165458195
32283,"Should the federal government spend more or less in the area of ""Agriculture""?",perfect_mix,0.4,0.8954374570984116,0.9967265106474084,0.9738069909636444,0.9163667631273102,0.92,0.7777777777777778,0.99822442795926,0.980703420350219,0.17995731165458195
32284,"Should the federal government spend more or less in the area of ""Public transport""?",easy_paraphrase,0.4,0.9084011788968708,0.9979251454512836,0.9799491176158276,0.9542341984948248,1.0,0.8461538461538461,0.999631893441958,0.990998730703214,0.17995731165458195
32284,"Should the federal government spend more or less in the area of ""Public transport""?",hard_paraphrase,0.4,0.9084011788968708,0.9979251454512836,0.9799491176158276,0.9235480429214304,0.92,0.7777777777777778,0.9986866837150424,0.9838165780426332,0.17995731165458195
32284,"Should the federal government spend more or less in the area of ""Public transport""?",negation_easy,0.4,0.9084011788968708,0.9979251454512836,0.9799491176158276,0.9515047362674984,1.0,0.8461538461538461,0.9995871697380502,0.9903815926097796,0.17995731165458195
32284,"Should the federal government spend more or less in the area of ""Public transport""?",negation_hard,0.4,0.9084011788968708,0.9979251454512836,0.9799491176158276,0.9227611672160438,0.92,0.7777777777777778,0.9986389339346256,0.9836030054366192,0.17995731165458195
32284,"Should the federal government spend more or less in the area of ""Public transport""?",perfect_mix,0.4,0.9084011788968708,0.9979251454512836,0.9799491176158276,0.9294360183483624,1.0,0.7777777777777778,0.998889141296944,0.985242329555849,0.17995731165458195
32285,"Should the federal government spend more or less in the area of ""Road traffic (motorised individual transport)""?",easy_paraphrase,0.4,0.909298301756472,0.9968489822582128,0.97451817744002,0.9464167448967828,1.0,0.8461538461538461,0.9990957128892508,0.9864298063122632,0.17995731165458195
32285,"Should the federal government spend more or less in the area of ""Road traffic (motorised individual transport)""?",hard_paraphrase,0.4,0.909298301756472,0.9968489822582128,0.97451817744002,0.9327453174227108,1.0,0.7777777777777778,0.9984463390575824,0.9821872797940612,0.17995731165458195
32285,"Should the federal government spend more or less in the area of ""Road traffic (motorised individual transport)""?",negation_easy,0.4,0.909298301756472,0.9968489822582128,0.97451817744002,0.9364129714102568,1.0,0.8461538461538461,0.998702469070892,0.9836140780192044,0.17995731165458195
32285,"Should the federal government spend more or less in the area of ""Road traffic (motorised individual transport)""?",negation_hard,0.4,0.909298301756472,0.9968489822582128,0.97451817744002,0.920386518945316,0.92,0.7777777777777778,0.9977608156665732,0.9785487211007914,0.17995731165458195
32285,"Should the federal government spend more or less in the area of ""Road traffic (motorised individual transport)""?",perfect_mix,0.4,0.909298301756472,0.9968489822582128,0.97451817744002,0.9257400029217968,1.0,0.7777777777777778,0.9980875378345456,0.9802378524116726,0.17995731165458195
32286,"Should the federal government spend more or less in the area of ""Public security""?",easy_paraphrase,0.4,0.926383033176592,0.997872535775015,0.9818913945141696,0.9564820751067072,1.0,0.8461538461538461,0.9993968075780792,0.9904668072454688,0.17995731165458195
32286,"Should the federal government spend more or less in the area of ""Public security""?",hard_paraphrase,0.4,0.926383033176592,0.997872535775015,0.9818913945141696,0.929275475920082,1.0,0.7777777777777778,0.9981017966165716,0.9827060254620208,0.17995731165458195
32286,"Should the federal government spend more or less in the area of ""Public security""?",negation_easy,0.4,0.926383033176592,0.997872535775015,0.9818913945141696,0.9572554178113304,1.0,0.8461538461538461,0.9994498136873768,0.990618900630966,0.17995731165458195
32286,"Should the federal government spend more or less in the area of ""Public security""?",negation_hard,0.4,0.926383033176592,0.997872535775015,0.9818913945141696,0.9337880207471428,1.0,0.7777777777777778,0.9984419229009998,0.9842284801204786,0.17995731165458195
32286,"Should the federal government spend more or less in the area of ""Public security""?",perfect_mix,0.4,0.926383033176592,0.997872535775015,0.9818913945141696,0.9447933184022966,1.0,0.8461538461538461,0.9989452015757304,0.9872156693542768,0.17995731165458195
32287,"Should the federal government spend more or less in the area of ""National defence""?",easy_paraphrase,0.4,0.8903640304141455,0.9956191775448092,0.96870979820793,0.9451627934276704,1.0,0.8461538461538461,0.9991708184224016,0.986694491303293,0.17995731165458195
32287,"Should the federal government spend more or less in the area of ""National defence""?",hard_paraphrase,0.4,0.8903640304141455,0.9956191775448092,0.96870979820793,0.9068229406996,0.92,0.7142857142857143,0.9971771219666176,0.9746389100826116,0.17995731165458195
32287,"Should the federal government spend more or less in the area of ""National defence""?",negation_easy,0.4,0.8903640304141455,0.9956191775448092,0.96870979820793,0.928971070069633,1.0,0.7777777777777778,0.9985025661652304,0.9818802444623662,0.17995731165458195
32287,"Should the federal government spend more or less in the area of ""National defence""?",negation_hard,0.4,0.8903640304141455,0.9956191775448092,0.96870979820793,0.8902595591597705,0.92,0.7142857142857143,0.995661424031828,0.968744293571011,0.17995731165458195
32287,"Should the federal government spend more or less in the area of ""National defence""?",perfect_mix,0.4,0.8903640304141455,0.9956191775448092,0.96870979820793,0.9074970486863146,0.92,0.7142857142857143,0.9971956106251856,0.974890816664001,0.17995731165458195
32288,"Should the federal government spend more or less in the area of ""Development assistance""?",easy_paraphrase,0.4,0.9034760613079004,0.9971762536969536,0.9762628373827696,0.9453947118793248,1.0,0.8461538461538461,0.9993177213574927,0.9881692382109812,0.17995731165458195
32288,"Should the federal government spend more or less in the area of ""Development assistance""?",hard_paraphrase,0.4,0.9034760613079004,0.9971762536969536,0.9762628373827696,0.9130461117912396,1.0,0.7777777777777778,0.9978154367138092,0.979131011082957,0.17995731165458195
32288,"Should the federal government spend more or less in the area of ""Development assistance""?",negation_easy,0.4,0.9034760613079004,0.9971762536969536,0.9762628373827696,0.9401421732839186,1.0,0.8461538461538461,0.9991576998417088,0.9868732463845904,0.17995731165458195
32288,"Should the federal government spend more or less in the area of ""Development assistance""?",negation_hard,0.4,0.9034760613079004,0.9971762536969536,0.9762628373827696,0.912990676863206,1.0,0.7777777777777778,0.997811736585591,0.9791160086298404,0.17995731165458195
32288,"Should the federal government spend more or less in the area of ""Development assistance""?",perfect_mix,0.4,0.9034760613079004,0.9971762536969536,0.9762628373827696,0.9193029002381732,0.92,0.7777777777777778,0.9982838796449942,0.9811756268241274,0.17995731165458195
