alpha,crw_jaccard_mean,crw_jaccard_median,crw_jaccard_p10,crw_spearman_mean,crw_kendall_mean
0.01,0.4523991231532311,0.4117647058823529,0.2631578947368421,0.9046678675160444,0.7762709791734831
0.1,0.4523991231532311,0.4117647058823529,0.2631578947368421,0.9046678675160444,0.7762709791734831
0.2,0.4523991231532311,0.4117647058823529,0.2631578947368421,0.9046678675160444,0.7762709791734831
0.3,0.4523991231532311,0.4117647058823529,0.2631578947368421,0.9046678675160444,0.7762709791734831
0.4,0.4523991231532311,0.4117647058823529,0.2631578947368421,0.9046678675160444,0.7762709791734831
0.5,0.4535140883067744,0.4117647058823529,0.2857142857142857,0.904973873801074,0.7766096849205316
0.6,0.4545012635802481,0.4117647058823529,0.2857142857142857,0.9054485748550206,0.7772208983026454
0.7,0.4569068666874341,0.4117647058823529,0.2857142857142857,0.9063946854546016,0.7784406593582958
0.8,0.4655884179251207,0.44,0.2857142857142857,0.9106297071436216,0.7839552938499451
0.9,0.4784755517928451,0.44,0.3090909090909091,0.9158068799383478,0.7911772253204904
1.0,0.4868184360129867,0.4693877551020408,0.3090909090909091,0.9187479765515464,0.7953186624333897
1.1,0.4841247539582399,0.44,0.3090909090909091,0.9179500225052912,0.7941280755779286
1.2,0.4814041319126914,0.44,0.3090909090909091,0.9169264123701362,0.7926939885389731
1.3,0.4819068510128534,0.44,0.3090909090909091,0.9172332939147484,0.7930387212909064
1.4,0.4808020484434955,0.44,0.3090909090909091,0.9158559394162242,0.7914377305044229
1.5,0.4788028122128303,0.44,0.3090909090909091,0.9151738732992316,0.7904569347415789
1.8,0.4742817149258073,0.44,0.2857142857142857,0.9135436531289384,0.7881560932892214
2.1,0.4710471417658757,0.44,0.2857142857142857,0.9123449353141998,0.7864993501886246
2.4,0.4685981868460327,0.44,0.2857142857142857,0.911431422821316,0.7852537132331527
2.7,0.4666684368393067,0.44,0.2857142857142857,0.9107086586823696,0.7842707049875599
3.0,0.4652109116933082,0.44,0.2857142857142857,0.9101237883663204,0.7834769150309774
