alpha,crw_jaccard_mean,crw_jaccard_median,crw_jaccard_p10,crw_spearman_mean,crw_kendall_mean
0.01,0.4523991231532311,0.4117647058823529,0.2631578947368421,0.9046678675160444,0.7762709791734831
0.1,0.4523991231532311,0.4117647058823529,0.2631578947368421,0.9046678675160444,0.7762709791734831
0.2,0.4523991231532311,0.4117647058823529,0.2631578947368421,0.9046678675160444,0.7762709791734831
0.3,0.4523991231532311,0.4117647058823529,0.2631578947368421,0.9046678675160444,0.7762709791734831
0.4,0.4523991231532311,0.4117647058823529,0.2631578947368421,0.9046678675160444,0.7762709791734831
0.5,0.4525037141392862,0.4117647058823529,0.2631578947368421,0.904924538097786,0.7764328775577661
0.6,0.4545815893910744,0.4117647058823529,0.2857142857142857,0.9057215008894246,0.7774420829461627
0.7,0.4620563490994185,0.44,0.2857142857142857,0.9095886821244492,0.7822736806060234
0.8,0.4733190215606067,0.44,0.2857142857142857,0.9149507957569312,0.7896549194578334
0.9,0.4872161662996858,0.4693877551020408,0.3090909090909091,0.9209453885872224,0.7979749549338351
1.0,0.5015921850680898,0.4693877551020408,0.3333333333333333,0.927217312326168,0.8069344270620803
1.1,0.5045724763887703,0.4693877551020408,0.3333333333333333,0.9288491256448396,0.8093528215698
1.2,0.5024842740603996,0.4693877551020408,0.3333333333333333,0.92822027245072,0.8083174774051544
1.3,0.4987927496298811,0.4693877551020408,0.3090909090909091,0.926699995111952,0.8060664359675851
1.4,0.4944229769852851,0.4693877551020408,0.3090909090909091,0.9253242861071642,0.8037663788782139
1.5,0.4958584317978484,0.4693877551020408,0.3090909090909091,0.9258085717932428,0.8045784607133805
1.8,0.4879099960697454,0.4693877551020408,0.3090909090909091,0.92230819121912,0.7996561278415864
2.1,0.4825209982389263,0.44,0.3090909090909091,0.9198004457039688,0.7961864286850292
2.4,0.4785297302926956,0.44,0.3090909090909091,0.9179162332349352,0.7936123062180614
2.7,0.4754249367415017,0.44,0.2857142857142857,0.9164512301073918,0.7916311628950006
3.0,0.4731109805676994,0.44,0.2857142857142857,0.9152759148562865,0.7900521234702397
