alpha,crw_jaccard_mean,crw_jaccard_median,crw_jaccard_p10,crw_spearman_mean,crw_kendall_mean
0.01,0.9881898613602094,1.0,0.945945945945946,0.999966273136974,0.9984101604025178
0.1,0.9881898613602094,1.0,0.945945945945946,0.999966273136974,0.9984101604025178
0.2,0.9881898613602094,1.0,0.945945945945946,0.999966273136974,0.9984101604025178
0.3,0.990307689922544,1.0,0.945945945945946,0.9999651068347764,0.9984076693397428
0.4,0.9914209638270916,1.0,0.945945945945946,0.9999704984479446,0.9987953067742644
0.5,0.9853195907804232,1.0,0.945945945945946,0.999964908615685,0.9973400075319944
0.6,0.9872020179660403,1.0,0.945945945945946,0.9999708740998998,0.9977269054450196
0.7,0.944471607657928,0.945945945945946,0.8947368421052632,0.9995061916417796,0.9879364649540336
0.8,0.8043680905165534,0.8,0.6363636363636364,0.991586542864496,0.9445209140715822
0.9,0.735916670983657,0.7560975609756098,0.5319148936170213,0.9805749162576513,0.9130584993036108
1.0,0.6964334465318716,0.7142857142857143,0.4693877551020408,0.9697247693242174,0.8894331130788874
1.1,0.6702269072458424,0.6744186046511628,0.44,0.9598842199773294,0.871054171746538
1.2,0.6518084708747177,0.6363636363636364,0.4117647058823529,0.9512048973113576,0.8563867399380899
1.3,0.6383205310194461,0.6363636363636364,0.4117647058823529,0.9436179317179092,0.844455194728739
1.4,0.6280624568723304,0.6363636363636364,0.3846153846153846,0.9369786177166254,0.8345630465673736
1.5,0.6190309278538344,0.6363636363636364,0.3846153846153846,0.9311301139469808,0.8261682067718779
1.8,0.6019499431770927,0.6,0.3584905660377358,0.9173134390296696,0.8075023694955891
2.1,0.5908378020664099,0.6,0.3584905660377358,0.9073329212454616,0.794800461557342
2.4,0.5835615024520818,0.5652173913043478,0.3333333333333333,0.8998543210322378,0.7856650850686445
2.7,0.5772037906652949,0.5652173913043478,0.3333333333333333,0.8939923130130105,0.7786479552126148
3.0,0.5733090366247788,0.5652173913043478,0.3333333333333333,0.8893486204978746,0.7732441303060973
