alpha,crw_jaccard_mean,crw_jaccard_median,crw_jaccard_p10,crw_spearman_mean,crw_kendall_mean
0.01,0.4523991231532311,0.4117647058823529,0.2631578947368421,0.9046678675160444,0.7762709791734831
0.1,0.4523991231532311,0.4117647058823529,0.2631578947368421,0.9046678675160444,0.7762709791734831
0.2,0.4530050057658577,0.4117647058823529,0.2857142857142857,0.9048231601475472,0.7763903866150794
0.3,0.4594685619186038,0.4117647058823529,0.2857142857142857,0.9071569492201156,0.779508882592392
0.4,0.4718031359687044,0.44,0.2857142857142857,0.9123818952098798,0.7870057504002445
0.5,0.4860995345650515,0.4693877551020408,0.3090909090909091,0.918389858870678,0.7955405017263523
0.6,0.5164069972689813,0.5,0.3333333333333333,0.9287340037454774,0.8114191560082633
0.7,0.5350034767492801,0.5,0.3584905660377358,0.9348845868642548,0.821401398711043
0.8,0.5357263194076884,0.5,0.3584905660377358,0.9361721643537012,0.8231182432056519
0.9,0.5272934234144249,0.5,0.3333333333333333,0.9343348446130564,0.8197027917224419
1.0,0.5189823834618951,0.5,0.3333333333333333,0.9316544548822792,0.815385131456959
1.1,0.5228066561798479,0.5,0.3333333333333333,0.9318638314137258,0.8154034709909727
1.2,0.5171522685486577,0.5,0.3333333333333333,0.9290983861263789,0.8112816076423299
1.3,0.5115503591897608,0.4693877551020408,0.3333333333333333,0.9273666235831132,0.8085686750751951
1.4,0.5067701996786953,0.4693877551020408,0.3333333333333333,0.925855317487248,0.8062236112903116
1.5,0.5027544666667771,0.4693877551020408,0.3333333333333333,0.9245280109615645,0.8041841555126824
1.8,0.4934257330138093,0.4693877551020408,0.3090909090909091,0.9213718139001268,0.7994241462931485
2.1,0.4868742482171108,0.4693877551020408,0.3090909090909091,0.9190697111411348,0.796046289679166
2.4,0.4820195909925536,0.44,0.3090909090909091,0.9173210047763388,0.7935232997635724
2.7,0.478445840726513,0.44,0.3090909090909091,0.9159514576661982,0.7915710026805722
3.0,0.4756736019587164,0.44,0.2857142857142857,0.9148348922059408,0.7899922279476834
