alpha,crw_jaccard_mean,crw_jaccard_median,crw_jaccard_p10,crw_spearman_mean,crw_kendall_mean
0.01,0.627018214141275,0.6363636363636364,0.3846153846153846,0.934072538743575,0.8307407756584035
0.1,0.627018214141275,0.6363636363636364,0.3846153846153846,0.934072538743575,0.8307407756584035
0.2,0.6391784560325104,0.6363636363636364,0.4117647058823529,0.941914434113905,0.8420764029723505
0.3,0.6765392865894455,0.6744186046511628,0.4693877551020408,0.960740474578264,0.872522846914811
0.4,0.7197219073317761,0.7142857142857143,0.5,0.9753392360738988,0.9011738990495632
0.5,0.7530473000859647,0.7560975609756098,0.5652173913043478,0.9831307870514427,0.919622171588773
0.6,0.7746339420973332,0.8,0.6,0.986929265544784,0.9298804831034128
0.7,0.7619317843329657,0.7560975609756098,0.5652173913043478,0.9848473110793045,0.9240367642690368
0.8,0.7377849672056775,0.7560975609756098,0.5319148936170213,0.9800650785183104,0.9119717023431037
0.9,0.7360886651342897,0.7560975609756098,0.5319148936170213,0.980254617679106,0.9117430963422152
1.0,0.7275460841528739,0.7560975609756098,0.5319148936170213,0.978320083273371,0.9070567301020472
1.1,0.7146581418763903,0.7142857142857143,0.5,0.9748563200297218,0.8993937816694033
1.2,0.7045625246586746,0.7142857142857143,0.5,0.9718438057736968,0.8930991615921802
1.3,0.6966502128798273,0.7142857142857143,0.4693877551020408,0.9692150523163712,0.8878519791752992
1.4,0.6902706738368029,0.7142857142857143,0.4693877551020408,0.9669108587805614,0.8834222213572714
1.5,0.6850310224260442,0.6744186046511628,0.4693877551020408,0.9648790152927628,0.8796226292588116
1.8,0.6733887352553727,0.6744186046511628,0.44,0.9600178572635152,0.8709156296060444
2.1,0.6654894495505975,0.6744186046511628,0.44,0.9564568250857504,0.8648341719934639
2.4,0.659689951187056,0.6744186046511628,0.44,0.9537428932141748,0.8603255310050232
2.7,0.6553711388793041,0.6744186046511628,0.4117647058823529,0.9516095897300114,0.8568838807451088
3.0,0.6521611049860312,0.6744186046511628,0.4117647058823529,0.9498879344050144,0.8541473153511483
