alpha,crw_jaccard_mean,crw_jaccard_median,crw_jaccard_p10,crw_spearman_mean,crw_kendall_mean
0.01,0.4523991231532311,0.4117647058823529,0.2631578947368421,0.9046678675160444,0.7762709791734831
0.1,0.4523991231532311,0.4117647058823529,0.2631578947368421,0.9046678675160444,0.7762709791734831
0.2,0.4523991231532311,0.4117647058823529,0.2631578947368421,0.9046678675160444,0.7762709791734831
0.3,0.4532034614081496,0.4117647058823529,0.2857142857142857,0.9049751950792576,0.7765291461551049
0.4,0.4573427197494665,0.4117647058823529,0.2857142857142857,0.9066335784557732,0.7785433378378571
0.5,0.4712627057535228,0.44,0.2857142857142857,0.9136213249339328,0.7877337528077174
0.6,0.4956081369883927,0.4693877551020408,0.3090909090909091,0.9241136537367646,0.8021302987180652
0.7,0.5315036801004214,0.5,0.3584905660377358,0.93768321392138,0.8227684661491801
0.8,0.5605326522249046,0.5319148936170213,0.3846153846153846,0.947116272426018,0.8383523976501536
0.9,0.582944809904347,0.5652173913043478,0.4117647058823529,0.9535028090993134,0.8496683183092749
1.0,0.5876246986558707,0.5652173913043478,0.4117647058823529,0.9548936813366168,0.8522571898140258
1.1,0.5865323964706972,0.5652173913043478,0.4117647058823529,0.9543892751616896,0.8515408020786465
1.2,0.5757213403138893,0.5652173913043478,0.4117647058823529,0.951894728033923,0.8468418076034744
1.3,0.564697667179199,0.5319148936170213,0.3846153846153846,0.9486531978751878,0.841179125846258
1.4,0.5613578102422331,0.5319148936170213,0.3846153846153846,0.9475361863455672,0.8392967056020949
1.5,0.5594731821918847,0.5319148936170213,0.3846153846153846,0.946648848814099,0.8380308597489546
1.8,0.538229832167423,0.5,0.3584905660377358,0.9399447542050008,0.8269756958944348
2.1,0.5241082671720302,0.5,0.3333333333333333,0.935053359986101,0.8192659735214011
2.4,0.5139012608367215,0.5,0.3333333333333333,0.9313372497383662,0.8135781230709395
2.7,0.5058515742342029,0.4693877551020408,0.3333333333333333,0.928415636010806,0.8091824806403671
3.0,0.4999300365372476,0.4693877551020408,0.3333333333333333,0.9260702632508534,0.8057324061712968
