alpha,crw_jaccard_mean,crw_jaccard_median,crw_jaccard_p10,crw_spearman_mean,crw_kendall_mean
0.01,0.4523991231532311,0.4117647058823529,0.2631578947368421,0.9046678675160444,0.7762709791734831
0.1,0.4523991231532311,0.4117647058823529,0.2631578947368421,0.9046678675160444,0.7762709791734831
0.2,0.4550991441354779,0.4117647058823529,0.2857142857142857,0.9060580278364848,0.7778574139947524
0.3,0.4694053777486884,0.44,0.2857142857142857,0.9127636477305144,0.7867309329745813
0.4,0.4975537970917019,0.4693877551020408,0.3090909090909091,0.9246648116437258,0.8025885257351076
0.5,0.5331958096881508,0.5,0.3584905660377358,0.9385436565028896,0.8228818895211648
0.6,0.5392697835997575,0.5,0.3584905660377358,0.9419470680371276,0.8283258514644593
0.7,0.5301852260343448,0.5,0.3584905660377358,0.9392381374737448,0.8238459172899076
0.8,0.5198502587481476,0.5,0.3333333333333333,0.9354673025243236,0.8180465271731312
0.9,0.5221717754711418,0.5,0.3333333333333333,0.935983158400982,0.818106950990165
1.0,0.5195694084856054,0.5,0.3333333333333333,0.933808215502236,0.8145361653177147
1.1,0.5127027437659252,0.5,0.3333333333333333,0.9312686974469236,0.8108785661574907
1.2,0.507175517513863,0.4693877551020408,0.3333333333333333,0.9291310829238356,0.8078620635108189
1.3,0.5026257359451269,0.4693877551020408,0.3333333333333333,0.9273070575767682,0.8053198434039243
1.4,0.4987115855602792,0.4693877551020408,0.3333333333333333,0.9257278454549872,0.8031413053909313
1.5,0.4954764609866067,0.4693877551020408,0.3090909090909091,0.9243551477340096,0.801268213175188
1.8,0.4878103687202515,0.4693877551020408,0.3090909090909091,0.9211253404963574,0.7969278397872862
2.1,0.4822937112150188,0.44,0.3090909090909091,0.918805603519398,0.7938785199778361
2.4,0.4783844587816972,0.44,0.3090909090909091,0.917052480984495,0.7915864660959394
2.7,0.4751840482357636,0.44,0.2857142857142857,0.9156818030180144,0.7898023007274242
3.0,0.4727235355392817,0.44,0.2857142857142857,0.9145798152704144,0.7883839430665197
