alpha,crw_jaccard_mean,crw_jaccard_median,crw_jaccard_p10,crw_spearman_mean,crw_kendall_mean
0.01,0.4411658363273562,0.4117647058823529,0.2631578947368421,0.8974793742149725,0.7663788949157795
0.1,0.4411658363273562,0.4117647058823529,0.2631578947368421,0.8974793742149725,0.7663788949157795
0.2,0.4411658363273562,0.4117647058823529,0.2631578947368421,0.8974793742149725,0.7663788949157795
0.3,0.4411658363273562,0.4117647058823529,0.2631578947368421,0.8974793742149725,0.7663788949157795
0.4,0.4411658363273562,0.4117647058823529,0.2631578947368421,0.8974793742149725,0.7663788949157795
0.5,0.4534311886748944,0.44,0.2857142857142857,0.9008839767227756,0.7707658980069704
0.6,0.4840131832311568,0.4693877551020408,0.3090909090909091,0.915279471491913,0.7901711718168267
0.7,0.483581800253775,0.4693877551020408,0.3090909090909091,0.9159148210623094,0.7907639567081253
0.8,0.4825227040104738,0.4693877551020408,0.3090909090909091,0.9162768958864036,0.7912677711815165
0.9,0.4774344178806797,0.44,0.3090909090909091,0.914145548147762,0.788310698486546
1.0,0.4735615054937598,0.44,0.3090909090909091,0.9124477939600152,0.7859726989610136
1.1,0.4703992392491648,0.44,0.2857142857142857,0.911067651628108,0.7841177807107054
1.2,0.467660360310393,0.44,0.2857142857142857,0.9099162978258012,0.7825639352138742
1.3,0.465494680057016,0.44,0.2857142857142857,0.9089490189172796,0.7812652111082335
1.4,0.4636858857525623,0.44,0.2857142857142857,0.9081218119084616,0.7801639131904939
1.5,0.461998433289318,0.44,0.2857142857142857,0.9074040284884471,0.7792084972571416
1.8,0.4583683926171525,0.44,0.2857142857142857,0.9057329542782712,0.777006138609544
2.1,0.4558671914125189,0.44,0.2857142857142857,0.9045456088006064,0.7754535989622584
2.4,0.4540923660834148,0.4117647058823529,0.2857142857142857,0.9036576916389888,0.7743016901612484
2.7,0.4527357695202647,0.4117647058823529,0.2857142857142857,0.902971035272752,0.7734211365508558
3.0,0.4515585191137568,0.4117647058823529,0.2857142857142857,0.9024224491726824,0.7727128809195418
