alpha,crw_jaccard_mean,crw_jaccard_median,crw_jaccard_p10,crw_spearman_mean,crw_kendall_mean
0.01,0.4523991231532311,0.4117647058823529,0.2631578947368421,0.9046678675160444,0.7762709791734831
0.1,0.4523991231532311,0.4117647058823529,0.2631578947368421,0.9046678675160444,0.7762709791734831
0.2,0.4523991231532311,0.4117647058823529,0.2631578947368421,0.9046678675160444,0.7762709791734831
0.3,0.4523991231532311,0.4117647058823529,0.2631578947368421,0.9046678675160444,0.7762709791734831
0.4,0.4523991231532311,0.4117647058823529,0.2631578947368421,0.9046678675160444,0.7762709791734831
0.5,0.4725581011450565,0.44,0.2857142857142857,0.913036190851624,0.7871572018066189
0.6,0.488145428271532,0.4693877551020408,0.3090909090909091,0.9191112510755036,0.7956168764964918
0.7,0.4853804432564934,0.4693877551020408,0.3090909090909091,0.9183835800305318,0.7945538321821765
0.8,0.4856318986441499,0.4693877551020408,0.3090909090909091,0.9187006474580526,0.7949305815764414
0.9,0.4815908546439763,0.44,0.3090909090909091,0.917091465136094,0.7927025497234498
1.0,0.4783960418014201,0.44,0.3090909090909091,0.9158111575576628,0.7909354099606729
1.1,0.4757891156695445,0.44,0.2857142857142857,0.9147724838121812,0.7895354100790036
1.2,0.4736199399768287,0.44,0.2857142857142857,0.9139097800332776,0.7883768080048157
1.3,0.4718832961714927,0.44,0.2857142857142857,0.9131837216316544,0.7873984423057961
1.4,0.470446576256797,0.44,0.2857142857142857,0.9125622967414502,0.7865641621176234
1.5,0.4691529995279009,0.44,0.2857142857142857,0.9120267888175804,0.7858477467874808
1.8,0.46623659648217,0.44,0.2857142857142857,0.9107827568758292,0.7842008664546108
2.1,0.4642342335920866,0.44,0.2857142857142857,0.909898797365058,0.7830379378120413
2.4,0.4627537800829477,0.44,0.2857142857142857,0.9092398297853916,0.7821758484567299
2.7,0.4615448590627699,0.44,0.2857142857142857,0.9087309281316752,0.781525300010641
3.0,0.4606967535802129,0.44,0.2857142857142857,0.9083249651798732,0.7809966660448386
