alpha,crw_jaccard_mean,crw_jaccard_median,crw_jaccard_p10,crw_spearman_mean,crw_kendall_mean
0.01,0.4523991231532311,0.4117647058823529,0.2631578947368421,0.9046678675160444,0.7762709791734831
0.1,0.4523991231532311,0.4117647058823529,0.2631578947368421,0.9046678675160444,0.7762709791734831
0.2,0.4523991231532311,0.4117647058823529,0.2631578947368421,0.9046678675160444,0.7762709791734831
0.3,0.4786719942844227,0.44,0.3090909090909091,0.9199481837939748,0.7960513057535357
0.4,0.4731779744278605,0.44,0.2857142857142857,0.9168768513844964,0.7920082151962539
0.5,0.4842202070024359,0.4693877551020408,0.3090909090909091,0.9206566043293796,0.7975861364616076
0.6,0.4920141950478099,0.4693877551020408,0.3090909090909091,0.9231875091965306,0.8014408844097461
0.7,0.4886943072153219,0.4693877551020408,0.3090909090909091,0.9218361341201388,0.7995268554537294
0.8,0.4887807669902252,0.4693877551020408,0.3090909090909091,0.9214081440456294,0.7988019783347208
0.9,0.4843251686950781,0.4693877551020408,0.3090909090909091,0.9195429690075666,0.7961537805401748
1.0,0.4808796837389134,0.44,0.3090909090909091,0.9180515818917142,0.7940598321856761
1.1,0.478047525994651,0.44,0.3090909090909091,0.916829643698266,0.7923586089593717
1.2,0.4757583924834667,0.44,0.2857142857142857,0.9158116193888776,0.7909542690750285
1.3,0.4737865290877485,0.44,0.2857142857142857,0.9149478679876424,0.789766351468263
1.4,0.4721654767079032,0.44,0.2857142857142857,0.9142086777959404,0.788756939845321
1.5,0.4707860653441411,0.44,0.2857142857142857,0.9135698783560584,0.7878914390874224
1.8,0.4674021164617665,0.44,0.2857142857142857,0.91207796219461,0.7858799159271878
2.1,0.4652344350178192,0.44,0.2857142857142857,0.9110131092842524,0.7844522332333479
2.4,0.4635493546131019,0.44,0.2857142857142857,0.9102144589299068,0.7833872477545301
2.7,0.4623055634191964,0.44,0.2857142857142857,0.9095918343292644,0.7825563432046789
3.0,0.4611680999724536,0.44,0.2857142857142857,0.909095838011784,0.781902681815151
