alpha,crw_jaccard_mean,crw_jaccard_median,crw_jaccard_p10,crw_spearman_mean,crw_kendall_mean
0.01,0.4523991231532311,0.4117647058823529,0.2631578947368421,0.9046678675160444,0.7762709791734831
0.1,0.4523991231532311,0.4117647058823529,0.2631578947368421,0.9046678675160444,0.7762709791734831
0.2,0.4523991231532311,0.4117647058823529,0.2631578947368421,0.9046678675160444,0.7762709791734831
0.3,0.4523832808923038,0.4117647058823529,0.2631578947368421,0.904698239326308,0.7762538327498841
0.4,0.4544269013239593,0.4117647058823529,0.2857142857142857,0.9053285962206876,0.7771343283568107
0.5,0.4596771686035825,0.4117647058823529,0.2857142857142857,0.9076550448519408,0.7801481745536738
0.6,0.4731003009976107,0.44,0.2857142857142857,0.913349218513433,0.7875281494927164
0.7,0.4993716514739252,0.4693877551020408,0.3090909090909091,0.923420734819417,0.802142837179317
0.8,0.5282885412254008,0.5,0.3584905660377358,0.9349205227070136,0.8193146707441604
0.9,0.5349986249108233,0.5,0.3584905660377358,0.9387385500352916,0.8249243682869358
1.0,0.52790675161215,0.5,0.3584905660377358,0.9366936417415164,0.821570366801012
1.1,0.5201572000206436,0.5,0.3333333333333333,0.9339504894048116,0.8172759090111321
1.2,0.5257819503576606,0.5,0.3584905660377358,0.936482568666991,0.8211790552690204
1.3,0.5192643430265682,0.5,0.3333333333333333,0.9341757664845932,0.8176063738181909
1.4,0.5136925071460502,0.5,0.3333333333333333,0.9321048412809811,0.8144601795974257
1.5,0.5090636545277026,0.4693877551020408,0.3333333333333333,0.9302994000357688,0.8117523173864645
1.8,0.4982953564669131,0.4693877551020408,0.3090909090909091,0.9260626459234276,0.8055125139430325
2.1,0.4909054227408893,0.4693877551020408,0.3090909090909091,0.9230191908185252,0.801122973222904
2.4,0.4857113520790793,0.4693877551020408,0.3090909090909091,0.9207275078955705,0.7978665672430257
2.7,0.4816369180079916,0.44,0.3090909090909091,0.9189435738154458,0.7953638647430946
3.0,0.4784715478081814,0.44,0.3090909090909091,0.9175139716392444,0.793376272959606
