alpha,crw_jaccard_mean,crw_jaccard_median,crw_jaccard_p10,crw_spearman_mean,crw_kendall_mean
0.01,0.4523991231532311,0.4117647058823529,0.2631578947368421,0.9046678675160444,0.7762709791734831
0.1,0.4523991231532311,0.4117647058823529,0.2631578947368421,0.9046678675160444,0.7762709791734831
0.2,0.4523991231532311,0.4117647058823529,0.2631578947368421,0.9046678675160444,0.7762709791734831
0.3,0.4523991231532311,0.4117647058823529,0.2631578947368421,0.9046678675160444,0.7762709791734831
0.4,0.4523991231532311,0.4117647058823529,0.2631578947368421,0.9046678675160444,0.7762709791734831
0.5,0.4526954908295345,0.4117647058823529,0.2631578947368421,0.9047327942104222,0.7762546023169942
0.6,0.4552225775442012,0.4117647058823529,0.2857142857142857,0.9060289472456604,0.7778547007215171
0.7,0.4624355507341546,0.44,0.2857142857142857,0.9099745432810212,0.7828905539100554
0.8,0.4781199623529285,0.44,0.3090909090909091,0.916934901471226,0.7919741373885091
0.9,0.5018930111207875,0.4693877551020408,0.3333333333333333,0.9268455265588612,0.8063695941226651
1.0,0.5217772750597267,0.5,0.3333333333333333,0.9344785490843068,0.8179190680516808
1.1,0.5191435251134777,0.5,0.3333333333333333,0.9341600978552074,0.8173045887748914
1.2,0.5133580025781163,0.5,0.3333333333333333,0.9320683506822244,0.8141082848244313
1.3,0.5086333084328348,0.4693877551020408,0.3333333333333333,0.930430512929109,0.8116943971587756
1.4,0.5081051340000847,0.4693877551020408,0.3333333333333333,0.9300501947240152,0.8114827582155262
1.5,0.5038943517432867,0.4693877551020408,0.3333333333333333,0.9283717112760612,0.8089920383783782
1.8,0.4942332488567377,0.4693877551020408,0.3090909090909091,0.9244433624447592,0.8032605650553097
2.1,0.4877068320737193,0.4693877551020408,0.3090909090909091,0.9216268059468576,0.7992311772041198
2.4,0.4828481961532299,0.44,0.3090909090909091,0.9195094116839204,0.7962418174562935
2.7,0.4792823564002947,0.44,0.3090909090909091,0.9178600456157252,0.7939431944776528
3.0,0.4764475473905331,0.44,0.3090909090909091,0.9165390312863986,0.792111759733824
