alpha,crw_jaccard_mean,crw_jaccard_median,crw_jaccard_p10,crw_spearman_mean,crw_kendall_mean
0.01,0.4523991231532311,0.4117647058823529,0.2631578947368421,0.9046678675160444,0.7762709791734831
0.1,0.4523991231532311,0.4117647058823529,0.2631578947368421,0.9046678675160444,0.7762709791734831
0.2,0.4569930915750494,0.4117647058823529,0.2857142857142857,0.9060225446602928,0.7782525516677278
0.3,0.4638870187336085,0.44,0.2857142857142857,0.9089453179109498,0.782073411522118
0.4,0.4905138415034281,0.4693877551020408,0.3090909090909091,0.919019581967672,0.7964677649196112
0.5,0.5004774549913673,0.4693877551020408,0.3090909090909091,0.9240053991627504,0.8035661117912976
0.6,0.4921661733536164,0.4693877551020408,0.3090909090909091,0.9210664654202442,0.7990457011825371
0.7,0.4912008554782046,0.4693877551020408,0.3090909090909091,0.92112639464821,0.799213152195942
0.8,0.4859384010750399,0.4693877551020408,0.3090909090909091,0.9191682336012932,0.7963002067041828
0.9,0.4818702386519085,0.44,0.3090909090909091,0.91762036974834,0.7940395673723035
1.0,0.4787208724779095,0.44,0.3090909090909091,0.9163679543815796,0.7922378274982725
1.1,0.476255209295963,0.44,0.2857142857142857,0.9153338595947732,0.7907721082374511
1.2,0.4741613175160608,0.44,0.2857142857142857,0.9144655453843032,0.7895501466809889
1.3,0.4723493573610123,0.44,0.2857142857142857,0.9137264138932508,0.788509746592957
1.4,0.470767728220804,0.44,0.2857142857142857,0.9130886738469216,0.787617722456799
1.5,0.4693764733550862,0.44,0.2857142857142857,0.912533750628544,0.7868427863497814
1.8,0.4663118230280007,0.44,0.2857142857142857,0.9112316039142616,0.785034968819952
2.1,0.4641281136623872,0.44,0.2857142857142857,0.9102959127282304,0.7837506625241647
2.4,0.4625296725356906,0.44,0.2857142857142857,0.9095856172600733,0.782779044833988
2.7,0.4612985242981584,0.44,0.2857142857142857,0.9090276927270572,0.7820127492463913
3.0,0.4603616865790233,0.44,0.2857142857142857,0.9085826905813044,0.78140453706708
