alpha,crw_jaccard_mean,crw_jaccard_median,crw_jaccard_p10,crw_spearman_mean,crw_kendall_mean
0.01,0.4523991231532311,0.4117647058823529,0.2631578947368421,0.9046678675160444,0.7762709791734831
0.1,0.4523991231532311,0.4117647058823529,0.2631578947368421,0.9046678675160444,0.7762709791734831
0.2,0.4523991231532311,0.4117647058823529,0.2631578947368421,0.9046678675160444,0.7762709791734831
0.3,0.4529259842251735,0.4117647058823529,0.2857142857142857,0.904811469051831,0.7763744587181244
0.4,0.4588478811328437,0.4117647058823529,0.2857142857142857,0.9072546387603928,0.7796085440747796
0.5,0.4718795903206903,0.44,0.2857142857142857,0.9135243970582928,0.7876790016207162
0.6,0.5045369282207148,0.4693877551020408,0.3333333333333333,0.9263703175466814,0.8064594725353589
0.7,0.5340832301111597,0.5,0.3584905660377358,0.9367378780449488,0.822426500861514
0.8,0.5434457337028165,0.5319148936170213,0.3584905660377358,0.941532606333912,0.8297292078315064
0.9,0.5369428018889529,0.5,0.3584905660377358,0.94015464139564,0.8272096677151602
1.0,0.5272700565662681,0.5,0.3584905660377358,0.93680915978295,0.8219241067014715
1.1,0.5258470980652271,0.5,0.3584905660377358,0.9356116066217032,0.8193521408923204
1.2,0.5206695740102634,0.5,0.3333333333333333,0.9332641274386172,0.8157347602823515
1.3,0.5145987189372717,0.5,0.3333333333333333,0.9311702990183158,0.8125691297265116
1.4,0.5095338248487405,0.4693877551020408,0.3333333333333333,0.929355500094238,0.8098675085613937
1.5,0.5052217273650597,0.4693877551020408,0.3333333333333333,0.9277671675655476,0.8075274949812447
1.8,0.4952886401012887,0.4693877551020408,0.3090909090909091,0.9240191523894142,0.8021044311692903
2.1,0.4884567588746852,0.4693877551020408,0.3090909090909091,0.92130896989899,0.7982563788544078
2.4,0.4834846793966557,0.44,0.3090909090909091,0.9192586823808722,0.7953802600263494
2.7,0.4797207880231391,0.44,0.3090909090909091,0.9176605748301968,0.793169987218852
3.0,0.4766885024327492,0.44,0.3090909090909091,0.9163645311108296,0.7913890557931811
