alpha,crw_jaccard_mean,crw_jaccard_median,crw_jaccard_p10,crw_spearman_mean,crw_kendall_mean
0.01,0.4523991231532311,0.4117647058823529,0.2631578947368421,0.9046678675160444,0.7762709791734831
0.1,0.4523991231532311,0.4117647058823529,0.2631578947368421,0.9046678675160444,0.7762709791734831
0.2,0.4523991231532311,0.4117647058823529,0.2631578947368421,0.9046678675160444,0.7762709791734831
0.3,0.4708160263929977,0.44,0.2857142857142857,0.913079476022478,0.7875198730607784
0.4,0.4809934142420655,0.44,0.3090909090909091,0.9159173894980256,0.7919037662040146
0.5,0.5161065042944105,0.5,0.3333333333333333,0.928121734758538,0.8101970504870176
0.6,0.5288804258864459,0.5,0.3509433962264105,0.9326828539476512,0.8169710205554793
0.7,0.5213558729003234,0.5,0.3333333333333333,0.9310198407783276,0.8142409217763958
0.8,0.5196647568190503,0.5,0.3333333333333333,0.9307172175537052,0.813451479084267
0.9,0.5109858857972941,0.4693877551020408,0.3333333333333333,0.9280274702630352,0.8092221238761206
1.0,0.5043058391527842,0.4693877551020408,0.3333333333333333,0.9258231265881997,0.8058085281407283
1.1,0.4987617308986805,0.4693877551020408,0.3090909090909091,0.9239915038620976,0.8030195378709128
1.2,0.4944854652518241,0.4693877551020408,0.3090909090909091,0.9224433549696592,0.8007011680253407
1.3,0.4907883978488351,0.4693877551020408,0.3090909090909091,0.9211205393779834,0.7987481444012756
1.4,0.4878048704009369,0.4693877551020408,0.3090909090909091,0.919980982984906,0.7970917302593021
1.5,0.4852431349354841,0.44,0.3090909090909091,0.9189872953709688,0.7956677674121443
1.8,0.4794303319640027,0.44,0.3090909090909091,0.9166512506208404,0.7923622921340665
2.1,0.4753436064341882,0.44,0.2857142857142857,0.914965574199018,0.7900147248506104
2.4,0.472287001808335,0.44,0.2857142857142857,0.9136946124219478,0.7882738391448361
2.7,0.4700097763801567,0.44,0.2857142857142857,0.9127001980720936,0.7869277612456917
3.0,0.4682084958397562,0.44,0.2857142857142857,0.9119026898255286,0.7858481460038234
