alpha,crw_jaccard_mean,crw_jaccard_median,crw_jaccard_p10,crw_spearman_mean,crw_kendall_mean
0.01,0.4523991231532311,0.4117647058823529,0.2631578947368421,0.9046678675160444,0.7762709791734831
0.1,0.4523991231532311,0.4117647058823529,0.2631578947368421,0.9046678675160444,0.7762709791734831
0.2,0.464145075308526,0.44,0.2857142857142857,0.910744864673382,0.7840563634822003
0.3,0.4861084155482129,0.4693877551020408,0.3090909090909091,0.9205236061140066,0.7979792063427961
0.4,0.5244360288728892,0.5,0.3333333333333333,0.9354526823098964,0.8197604874703639
0.5,0.5567191257286472,0.5319148936170213,0.3846153846153846,0.9464187156468266,0.8372698118865017
0.6,0.558648813480806,0.5319148936170213,0.3846153846153846,0.946838238802692,0.8383862859254466
0.7,0.5459477075604291,0.5319148936170213,0.3584905660377358,0.9431977588766948,0.8322642749037921
0.8,0.533146669098524,0.5,0.3584905660377358,0.9387307157861664,0.8250986458271772
0.9,0.5369402211432971,0.5,0.3584905660377358,0.9392245445689356,0.8247133008457539
1.0,0.5355692080056186,0.5,0.3584905660377358,0.9387824384398108,0.8236814282656949
1.1,0.5268698515471916,0.5,0.3584905660377358,0.9357756133828378,0.8190342458629382
1.2,0.5196779908929051,0.5,0.3333333333333333,0.9332463838376244,0.8152140353024311
1.3,0.5138591993308851,0.5,0.3333333333333333,0.931093381936525,0.8120221271795768
1.4,0.5089789071767453,0.4693877551020408,0.3333333333333333,0.929235837343888,0.8093014287743935
1.5,0.5049302931726785,0.4693877551020408,0.3333333333333333,0.9276195703259555,0.8069584070927508
1.8,0.4953280828051011,0.4693877551020408,0.3090909090909091,0.923825983583552,0.8015637439198963
2.1,0.4886297789544878,0.4693877551020408,0.3090909090909091,0.9211058053021104,0.7977756748135607
2.4,0.4837821069154616,0.44,0.3090909090909091,0.9190587155043036,0.794953779604204
2.7,0.4798780332160787,0.44,0.3090909090909091,0.9174598601004732,0.7927888701363774
3.0,0.4768777459079102,0.44,0.3090909090909091,0.916176998637029,0.7910533881932402
