alpha,crw_jaccard_mean,crw_jaccard_median,crw_jaccard_p10,crw_spearman_mean,crw_kendall_mean
0.01,0.4523991231532311,0.4117647058823529,0.2631578947368421,0.9046678675160444,0.7762709791734831
0.1,0.4523991231532311,0.4117647058823529,0.2631578947368421,0.9046678675160444,0.7762709791734831
0.2,0.4575402253614729,0.4117647058823529,0.2857142857142857,0.9064575721978336,0.7787231483096427
0.3,0.483674358323989,0.44,0.3090909090909091,0.9169214278995784,0.7934968411059249
0.4,0.530968575374544,0.5,0.3584905660377358,0.9334442115591164,0.8181389408546842
0.5,0.5390419459857203,0.5,0.3584905660377358,0.9375769450405904,0.8240206647580716
0.6,0.5245487087519282,0.5,0.3333333333333333,0.9334563156303084,0.8171643222340214
0.7,0.5249268763994173,0.5,0.3333333333333333,0.9341752404635636,0.8183943002507059
0.8,0.5148008739034948,0.5,0.3333333333333333,0.9306888451857536,0.8129225054487164
0.9,0.5067452518417348,0.4693877551020408,0.3333333333333333,0.927926364627687,0.8086813547501598
1.0,0.5006085972473667,0.4693877551020408,0.3090909090909091,0.9256831955050692,0.8053040135409958
1.1,0.4955761120558463,0.4693877551020408,0.3090909090909091,0.9238283298595692,0.8025645852811367
1.2,0.49161147140046,0.4693877551020408,0.3090909090909091,0.922271426066924,0.8003002025017907
1.3,0.4883312529163394,0.4693877551020408,0.3090909090909091,0.9209442761355282,0.7983924420048358
1.4,0.4854226496544688,0.4693877551020408,0.3090909090909091,0.9198007472011672,0.7967619330821197
1.5,0.4829890362925464,0.44,0.3090909090909091,0.9188061453874108,0.7953543566225368
1.8,0.4775338649255197,0.44,0.3090909090909091,0.9164715092744126,0.7920931423459622
2.1,0.4736487245481972,0.44,0.2857142857142857,0.9147952495998646,0.7897797105106277
2.4,0.4708051229578179,0.44,0.2857142857142857,0.913524557535606,0.7880339508798225
2.7,0.4686203343518177,0.44,0.2857142857142857,0.9125302248508984,0.7866711920371618
3.0,0.4669412791768821,0.44,0.2857142857142857,0.911736826923347,0.7855923179506902
