alpha,crw_jaccard_mean,crw_jaccard_median,crw_jaccard_p10,crw_spearman_mean,crw_kendall_mean
0.01,0.4411658363273562,0.4117647058823529,0.2631578947368421,0.8974793742149725,0.7663788949157795
0.1,0.4411658363273562,0.4117647058823529,0.2631578947368421,0.8974793742149725,0.7663788949157795
0.2,0.4411658363273562,0.4117647058823529,0.2631578947368421,0.8974793742149725,0.7663788949157795
0.3,0.4411658363273562,0.4117647058823529,0.2631578947368421,0.8974793742149725,0.7663788949157795
0.4,0.4411658363273562,0.4117647058823529,0.2631578947368421,0.8974793742149725,0.7663788949157795
0.5,0.4593701218373265,0.44,0.2857142857142857,0.9054207541053432,0.7762981959609376
0.6,0.4872565330176185,0.4693877551020408,0.3090909090909091,0.918244361023424,0.7937960135424109
0.7,0.4864082993131247,0.4693877551020408,0.3090909090909091,0.9181632389452272,0.7935713131082227
0.8,0.4819849076272668,0.4693877551020408,0.3090909090909091,0.9169265609038488,0.7919455949631594
0.9,0.4769658032244618,0.44,0.3090909090909091,0.9147102853857328,0.7888894361003029
1.0,0.4730945678200851,0.44,0.2857142857142857,0.9129428530428528,0.7864733128049755
1.1,0.4699674387864243,0.44,0.2857142857142857,0.91150836554847,0.7845569627118304
1.2,0.4673684481618748,0.44,0.2857142857142857,0.9103139238677308,0.7829600598534915
1.3,0.4652385807340843,0.44,0.2857142857142857,0.9093091206860258,0.781621465763024
1.4,0.4634312399913274,0.44,0.2857142857142857,0.9084525339982626,0.7804884827031986
1.5,0.4618241819491885,0.44,0.2857142857142857,0.9077096585459552,0.779506337338586
1.8,0.4581708871779756,0.44,0.2857142857142857,0.9059820469508318,0.7772482059531194
2.1,0.455716147950344,0.44,0.2857142857142857,0.9047560376845,0.7756582849329313
2.4,0.4539613040035379,0.4117647058823529,0.2857142857142857,0.9038396756398912,0.7744792111754196
2.7,0.4525505824730525,0.4117647058823529,0.2857142857142857,0.9031321758021004,0.7735810964938038
3.0,0.4514593244661234,0.4117647058823529,0.2857142857142857,0.9025671643739552,0.772857251182927
