alpha,crw_jaccard_mean,crw_jaccard_median,crw_jaccard_p10,crw_spearman_mean,crw_kendall_mean
0.01,0.4523991231532311,0.4117647058823529,0.2631578947368421,0.9046678675160444,0.7762709791734831
0.1,0.4523991231532311,0.4117647058823529,0.2631578947368421,0.9046678675160444,0.7762709791734831
0.2,0.4523991231532311,0.4117647058823529,0.2631578947368421,0.9046678675160444,0.7762709791734831
0.3,0.4528380072517736,0.4117647058823529,0.2631578947368421,0.904727016937262,0.7762630420482045
0.4,0.4555885534649878,0.4117647058823529,0.2857142857142857,0.9059916053258136,0.7779181866495315
0.5,0.4590777544635648,0.4117647058823529,0.2857142857142857,0.9083148929067162,0.7805674605490658
0.6,0.4754071318242099,0.44,0.2857142857142857,0.9158736703098072,0.7909431065394968
0.7,0.4941697637246438,0.4693877551020408,0.3090909090909091,0.9226194063943708,0.8016084598719017
0.8,0.5034384682023022,0.4693877551020408,0.3333333333333333,0.9268028940841752,0.8074577228028081
0.9,0.4982763550073701,0.4693877551020408,0.3090909090909091,0.9251167923400884,0.8048516831798911
1.0,0.4933558894762697,0.4693877551020408,0.3090909090909091,0.923140424468976,0.8019347595944067
1.1,0.50153276618331,0.4693877551020408,0.3090909090909091,0.92588250612711,0.8055031730249539
1.2,0.49949653991824,0.4693877551020408,0.3090909090909091,0.925287212120552,0.8045403069594281
1.3,0.4954660026024181,0.4693877551020408,0.3090909090909091,0.9237442619315738,0.802288174893311
1.4,0.4919648143370672,0.4693877551020408,0.3090909090909091,0.92241419666043,0.8003632619817888
1.5,0.4890955307873162,0.4693877551020408,0.3090909090909091,0.9212558873172207,0.7987000974708939
1.8,0.4823775210114218,0.44,0.3090909090909091,0.9185336851240898,0.7948395818541802
2.1,0.477731990682759,0.44,0.3090909090909091,0.9165751434994572,0.7920974929689892
2.4,0.4742631975144448,0.44,0.2857142857142857,0.9151001294667882,0.7900528894064599
2.7,0.4717206411104352,0.44,0.2857142857142857,0.9139510430490168,0.7884733598115652
3.0,0.4695760155769021,0.44,0.2857142857142857,0.9130170076402484,0.7871931347267757
