alpha,crw_jaccard_mean,crw_jaccard_median,crw_jaccard_p10,crw_spearman_mean,crw_kendall_mean
0.01,0.4523991231532311,0.4117647058823529,0.2631578947368421,0.9046678675160444,0.7762709791734831
0.1,0.4523991231532311,0.4117647058823529,0.2631578947368421,0.9046678675160444,0.7762709791734831
0.2,0.4523991231532311,0.4117647058823529,0.2631578947368421,0.9046678675160444,0.7762709791734831
0.3,0.4528079422415288,0.4117647058823529,0.2631578947368421,0.9048857884999988,0.7764057578966159
0.4,0.4619619505351797,0.44,0.2857142857142857,0.9096365130773392,0.7823899921693633
0.5,0.4783886986371664,0.44,0.3090909090909091,0.9172034294459078,0.7928809376125804
0.6,0.5040678834144856,0.4693877551020408,0.3333333333333333,0.9281674949842602,0.808814475155112
0.7,0.5320946709848662,0.5,0.3584905660377358,0.9379719426884736,0.8243517604322476
0.8,0.5656643717695153,0.5319148936170213,0.3846153846153846,0.9490638877160508,0.8425500541003774
0.9,0.5925442663372898,0.5652173913043478,0.4117647058823529,0.9568985467932634,0.8564104145201491
1.0,0.6006419060693202,0.6,0.4117647058823529,0.9598165703302224,0.8615206282426658
1.1,0.6031051716088761,0.6,0.44,0.9607379195185874,0.8632116809833263
1.2,0.5934688434455042,0.5652173913043478,0.4117647058823529,0.95827884149802,0.8584929042400464
1.3,0.580642045921252,0.5652173913043478,0.4117647058823529,0.9547502539500302,0.8519529519230675
1.4,0.574566111298242,0.5652173913043478,0.3846153846153846,0.9531413690997412,0.848910260303094
1.5,0.5736127543882027,0.5652173913043478,0.3846153846153846,0.9526486842339406,0.8481997702221475
1.8,0.5491811773343148,0.5319148936170213,0.3584905660377358,0.9449842773545264,0.8350832234644664
2.1,0.5329690643760979,0.5,0.3584905660377358,0.9393892589242352,0.826008489917007
2.4,0.5212254764068514,0.5,0.3333333333333333,0.9351338998878552,0.8193385917728705
2.7,0.5124473929129943,0.4693877551020408,0.3333333333333333,0.9317996899750756,0.8142336721601161
3.0,0.5054811384461079,0.4693877551020408,0.3333333333333333,0.929113680892375,0.8101874911709127
