model,negation_invariance_mean,negation_invariance_std,topic_coherence_mean,topic_coherence_std,ordering_accuracy_mean,ordering_accuracy_std,n_anchors
E5-INSTRUCT,0.5587984538156692,,0.7631934982108439,,83.33333333333334,,1
E5-ASYMMETRIC,0.7086337796548237,,0.8562821214091608,,79.16666666666666,,1
E5-ASYMMETRIC-INSTRUCT,0.6800346486115826,,0.8450279890825627,,75.0,,1
SBERT-EUCLIDEAN,0.30939619504170146,,0.7934068089915937,,66.66666666666666,,1
E5,0.5117055679923649,,0.8531409604599679,,66.66666666666666,,1
SBERT,,,,,,,0
