alpha,crw_jaccard_mean,crw_jaccard_median,crw_jaccard_p10,crw_spearman_mean,crw_kendall_mean
0.01,0.4523991231532311,0.4117647058823529,0.2631578947368421,0.9046678675160444,0.7762709791734831
0.1,0.4523991231532311,0.4117647058823529,0.2631578947368421,0.9046678675160444,0.7762709791734831
0.2,0.4523991231532311,0.4117647058823529,0.2631578947368421,0.9046678675160444,0.7762709791734831
0.3,0.4540671061659744,0.4117647058823529,0.2857142857142857,0.9052696118575208,0.7770009018678418
0.4,0.467186929899119,0.44,0.2857142857142857,0.9107266589418908,0.7839572389176539
0.5,0.4881534516210766,0.4693877551020408,0.3090909090909091,0.9197631684477148,0.7963368225039539
0.6,0.5180367069998352,0.5,0.3333333333333333,0.931666204351865,0.8136130421558695
0.7,0.5570001305321585,0.5319148936170213,0.3846153846153846,0.9454344312476084,0.8356289868794574
0.8,0.5773460364850773,0.5652173913043478,0.4117647058823529,0.9528369214869972,0.8479947980465801
0.9,0.5886790239022296,0.5652173913043478,0.4117647058823529,0.9568081488766352,0.8549591243249404
1.0,0.5768158908957541,0.5652173913043478,0.4117647058823529,0.95364393665152,0.8490361283685993
1.1,0.5634494863175254,0.5319148936170213,0.3846153846153846,0.9496440438893132,0.8421121528048853
1.2,0.5626977634057175,0.5319148936170213,0.3846153846153846,0.9499952353921622,0.8428082297053624
1.3,0.5524675877052254,0.5319148936170213,0.3846153846153846,0.9467363430376756,0.8373143534650209
1.4,0.5438449304031452,0.5319148936170213,0.3584905660377358,0.9438341704530342,0.8325542801602805
1.5,0.5366370882275466,0.5,0.3584905660377358,0.9412961608196369,0.8284761062203015
1.8,0.5204028260894497,0.5,0.3333333333333333,0.9353139663746554,0.8191337513078332
2.1,0.5091871138705725,0.4693877551020408,0.3333333333333333,0.9309869413592372,0.8125952977314242
2.4,0.5010794267143265,0.4693877551020408,0.3333333333333333,0.9277192190966153,0.8077703388813932
2.7,0.4948750482115124,0.4693877551020408,0.3090909090909091,0.9251730714717358,0.8040749103872277
3.0,0.4901706209240533,0.4693877551020408,0.3090909090909091,0.923125178583306,0.8011416350891669
