alpha,crw_jaccard_mean,crw_jaccard_median,crw_jaccard_p10,crw_spearman_mean,crw_kendall_mean
0.01,0.4411658363273562,0.4117647058823529,0.2631578947368421,0.8974793742149725,0.7663788949157795
0.1,0.4411658363273562,0.4117647058823529,0.2631578947368421,0.8974793742149725,0.7663788949157795
0.2,0.4411658363273562,0.4117647058823529,0.2631578947368421,0.8974793742149725,0.7663788949157795
0.3,0.4411658363273562,0.4117647058823529,0.2631578947368421,0.8974793742149725,0.7663788949157795
0.4,0.4411658363273562,0.4117647058823529,0.2631578947368421,0.8974793742149725,0.7663788949157795
0.5,0.463270222141117,0.44,0.2857142857142857,0.9072365989147422,0.7791056576568417
0.6,0.4798549403182728,0.4693877551020408,0.3090909090909091,0.9150518645454454,0.7889879740945891
0.7,0.4809230262200833,0.4693877551020408,0.3090909090909091,0.9160414687167094,0.7902177020337331
0.8,0.471283450993285,0.44,0.2857142857142857,0.9113092659264292,0.7843894227416235
0.9,0.4675062582046927,0.44,0.2857142857142857,0.9097178806250188,0.7822359277930863
1.0,0.464726987456664,0.44,0.2857142857142857,0.9084547538196388,0.7805325519029441
1.1,0.4625205102301583,0.44,0.2857142857142857,0.9074302407284384,0.7791873357047405
1.2,0.4606013222622129,0.44,0.2857142857142857,0.9065791075643934,0.7780678077243174
1.3,0.4590395028581351,0.44,0.2857142857142857,0.9058622709968258,0.7771235012247318
1.4,0.4576657218584095,0.44,0.2857142857142857,0.9052514869319244,0.7763213716587275
1.5,0.4564568995811323,0.44,0.2857142857142857,0.9047239851821072,0.7756305895034183
1.8,0.453778539618113,0.4117647058823529,0.2857142857142857,0.9034965142953254,0.7740363727774128
2.1,0.4520447201303092,0.4117647058823529,0.2857142857142857,0.9026275407838168,0.7729158959546917
2.4,0.4507140353751037,0.4117647058823529,0.2857142857142857,0.901979209445543,0.7720842111266051
2.7,0.4497032001966392,0.4117647058823529,0.2631578947368421,0.901477843527076,0.7714533084271643
3.0,0.448860211735101,0.4117647058823529,0.2631578947368421,0.9010785719181754,0.7709447243260539
