alpha,crw_jaccard_mean,crw_jaccard_median,crw_jaccard_p10,crw_spearman_mean,crw_kendall_mean
0.01,0.4523991231532311,0.4117647058823529,0.2631578947368421,0.9046678675160444,0.7762709791734831
0.1,0.4523991231532311,0.4117647058823529,0.2631578947368421,0.9046678675160444,0.7762709791734831
0.2,0.4523991231532311,0.4117647058823529,0.2631578947368421,0.9046678675160444,0.7762709791734831
0.3,0.4755826519704088,0.44,0.2857142857142857,0.917061554358602,0.7927353329374076
0.4,0.4924675786970085,0.4693877551020408,0.3090909090909091,0.9220873597505874,0.8005002922197363
0.5,0.5405957751199922,0.5319148936170213,0.3584905660377358,0.9392028621696114,0.8268044170153733
0.6,0.557397733316205,0.5319148936170213,0.3846153846153846,0.9452255192734524,0.8363975051162947
0.7,0.5483016941887031,0.5319148936170213,0.3584905660377358,0.94268792140782,0.8320667730118366
0.8,0.5437177877563595,0.5319148936170213,0.3584905660377358,0.9411152955141496,0.8292531384400471
0.9,0.5315028575197761,0.5,0.3584905660377358,0.9371165175162142,0.8227722803989994
1.0,0.5221663595433432,0.5,0.3333333333333333,0.933897025405904,0.8177000946201008
1.1,0.5145884304857793,0.5,0.3333333333333333,0.9312485911915156,0.813618655239308
1.2,0.5085881486548232,0.4693877551020408,0.3333333333333333,0.9290345523197204,0.8102627561595603
1.3,0.5036685349512764,0.4693877551020408,0.3333333333333333,0.92715648217237,0.8074532568082553
1.4,0.4993521465508142,0.4693877551020408,0.3090909090909091,0.9255435759023216,0.8050638119301855
1.5,0.4958617171738221,0.4693877551020408,0.3090909090909091,0.9241465518402742,0.8030227756261916
1.8,0.4879914004424068,0.4693877551020408,0.3090909090909091,0.9208851491616707,0.7983237925883225
2.1,0.4825228746984894,0.44,0.3090909090909091,0.9185553915330256,0.7950216159737008
2.4,0.4784258009293087,0.44,0.3090909090909091,0.9168105268020974,0.7925783411561647
2.7,0.4753693936874029,0.44,0.2857142857142857,0.915450609412338,0.7906887334747112
3.0,0.4729208253644498,0.44,0.2857142857142857,0.9143669871573236,0.7891978939930244
