alpha,crw_jaccard_mean,crw_jaccard_median,crw_jaccard_p10,crw_spearman_mean,crw_kendall_mean
0.01,0.4523991231532311,0.4117647058823529,0.2631578947368421,0.9046678675160444,0.7762709791734831
0.1,0.4523991231532311,0.4117647058823529,0.2631578947368421,0.9046678675160444,0.7762709791734831
0.2,0.4523991231532311,0.4117647058823529,0.2631578947368421,0.9046678675160444,0.7762709791734831
0.3,0.4555228370092593,0.4117647058823529,0.2857142857142857,0.906482739898224,0.7782234111440425
0.4,0.4707172362521322,0.44,0.2857142857142857,0.9142811713132994,0.7882634743158113
0.5,0.496787832981282,0.4693877551020408,0.3090909090909091,0.925924065134755,0.8045536479381156
0.6,0.516249511634248,0.5,0.3333333333333333,0.9335320063003438,0.8154683770507916
0.7,0.5162657909316835,0.5,0.3333333333333333,0.934099873273033,0.8155712111139842
0.8,0.5090829597223093,0.4693877551020408,0.3333333333333333,0.9313384598232792,0.8114895338191321
0.9,0.5022658518430239,0.4693877551020408,0.3333333333333333,0.9285457393474646,0.8075152654179496
1.0,0.4988441182525011,0.4693877551020408,0.3333333333333333,0.9268570632287774,0.8052690820202679
1.1,0.5033380325289187,0.4693877551020408,0.3333333333333333,0.9288115321471544,0.8083929884773635
1.2,0.49852192820962,0.4693877551020408,0.3090909090909091,0.926803624780318,0.805531789792774
1.3,0.4944828309630167,0.4693877551020408,0.3090909090909091,0.925103528092503,0.8031375519585177
1.4,0.4911331584587314,0.4693877551020408,0.3090909090909091,0.9236440392856374,0.8011091953573918
1.5,0.4882853825300404,0.4693877551020408,0.3090909090909091,0.9223769457366762,0.7993566260833882
1.8,0.481699208242677,0.44,0.3090909090909091,0.9194186102565411,0.7953129894402682
2.1,0.4771145577412671,0.44,0.3090909090909091,0.9173012809911156,0.7924742527112905
2.4,0.4737548266437771,0.44,0.2857142857142857,0.9157124184129586,0.7903598943985961
2.7,0.4711696669879532,0.44,0.2857142857142857,0.9144768149051504,0.7887305927467653
3.0,0.469134440929449,0.44,0.2857142857142857,0.913485695622233,0.7874341000952724
