alpha,crw_jaccard_mean,crw_jaccard_median,crw_jaccard_p10,crw_spearman_mean,crw_kendall_mean
0.01,0.4523991231532311,0.4117647058823529,0.2631578947368421,0.9046678675160444,0.7762709791734831
0.1,0.4523991231532311,0.4117647058823529,0.2631578947368421,0.9046678675160444,0.7762709791734831
0.2,0.4523991231532311,0.4117647058823529,0.2631578947368421,0.9046678675160444,0.7762709791734831
0.3,0.4728909250167268,0.44,0.2857142857142857,0.916471128769403,0.7921488439183898
0.4,0.4749560791182946,0.44,0.2857142857142857,0.9153222515580426,0.7912825447278066
0.5,0.4928528133285117,0.4693877551020408,0.3090909090909091,0.9219488910794758,0.8010448973808556
0.6,0.5037255635838258,0.4693877551020408,0.3090909090909091,0.9258143327850342,0.8069619896010237
0.7,0.499610532995861,0.4693877551020408,0.3090909090909091,0.9246188572852494,0.805053920841518
0.8,0.4988212711609772,0.4693877551020408,0.3090909090909091,0.924061245593936,0.8039314514772025
0.9,0.492865369260528,0.4693877551020408,0.3090909090909091,0.9219442387028848,0.8006883434499666
1.0,0.4885089306931033,0.4693877551020408,0.3090909090909091,0.920239828688156,0.7981161989102611
1.1,0.4846407518886822,0.4693877551020408,0.3090909090909091,0.9188361491409768,0.7960252351472442
1.2,0.4816091187219496,0.44,0.3090909090909091,0.91766242226689,0.7942960268371867
1.3,0.4791276943513236,0.44,0.3090909090909091,0.9166672343656408,0.7928429182015535
1.4,0.4770351256776258,0.44,0.2857142857142857,0.915813583646809,0.7916092117148231
1.5,0.4753186888300039,0.44,0.2857142857142857,0.9150726182862536,0.790547477334804
1.8,0.4712397487481263,0.44,0.2857142857142857,0.913340883885733,0.7880837962807342
2.1,0.468319636682064,0.44,0.2857142857142857,0.912100906417706,0.7863342208569815
2.4,0.4662431345010802,0.44,0.2857142857142857,0.911171622266116,0.7850321935492718
2.7,0.4646717461093507,0.44,0.2857142857142857,0.9104444492530362,0.7840175181344982
3.0,0.4633270910099324,0.44,0.2857142857142857,0.9098661902692644,0.7832174621697043
