alpha,crw_jaccard_mean,crw_jaccard_median,crw_jaccard_p10,crw_spearman_mean,crw_kendall_mean,base_jaccard_mean,base_spearman_mean,base_kendall_mean
2.1,0.7217629681149489,0.7560975609756098,0.44,0.9513728519519261,0.8708828391303065,0.6226850669859675,0.8568298484800321,0.7666676090278263
