alpha,crw_jaccard_mean,crw_jaccard_median,crw_jaccard_p10,crw_spearman_mean,crw_kendall_mean,base_jaccard_mean,base_spearman_mean,base_kendall_mean
3.0,0.6873220113319743,0.7142857142857143,0.38461538461538464,0.9258610700403932,0.837626571598075,0.6226850669859675,0.8568298484800321,0.7666676090278263
