alpha,crw_jaccard_mean,crw_jaccard_median,crw_jaccard_p10,crw_spearman_mean,crw_kendall_mean
0.01,0.4523991231532311,0.4117647058823529,0.2631578947368421,0.9046678675160444,0.7762709791734831
0.1,0.4523991231532311,0.4117647058823529,0.2631578947368421,0.9046678675160444,0.7762709791734831
0.2,0.4758889513506303,0.44,0.3090909090909091,0.9163999984400384,0.7905564572516564
0.3,0.5306951456969933,0.5,0.3584905660377358,0.937902582856012,0.8217870942548843
0.4,0.6000345606753079,0.6,0.44,0.9595872510846408,0.8592977034178357
0.5,0.6446575179285217,0.6363636363636364,0.4693877551020408,0.9704295876754512,0.8814044598743612
0.6,0.6551867482434865,0.6363636363636364,0.5,0.9731719907696568,0.8876451409038775
0.7,0.6355746600143377,0.6363636363636364,0.4693877551020408,0.9693747258090752,0.8793535449174974
0.8,0.6092213869983344,0.6,0.44,0.9632249492652531,0.8667317204310858
0.9,0.6045678431408639,0.6,0.44,0.9618427059261432,0.8631816672306246
1.0,0.5956753877108577,0.5652173913043478,0.4117647058823529,0.959197209786778,0.8580571911911133
1.1,0.5792215470204108,0.5652173913043478,0.4117647058823529,0.9545975054918798,0.8497350615086008
1.2,0.5661249110908145,0.5319148936170213,0.3846153846153846,0.95067515715415,0.8429331476577583
1.3,0.5557282875015039,0.5319148936170213,0.3846153846153846,0.947305009455116,0.8372820976378178
1.4,0.5469822414619535,0.5319148936170213,0.3584905660377358,0.9443773626876384,0.8324996624084823
1.5,0.5395211721147674,0.5,0.3584905660377358,0.9418185412713672,0.8284114728403127
1.8,0.5228468651917337,0.5,0.3333333333333333,0.9357669289156372,0.8190350634485671
2.1,0.5114075286950392,0.4693877551020408,0.3333333333333333,0.9313925912123546,0.812496143484353
2.4,0.5032474788885732,0.4693877551020408,0.3333333333333333,0.9280898334567108,0.8076791719566531
2.7,0.4970175481018806,0.4693877551020408,0.3090909090909091,0.9255072603080507,0.8039898341894898
3.0,0.4920398885173198,0.4693877551020408,0.3090909090909091,0.923431357698782,0.8010613676419867
