alpha,crw_jaccard_mean,crw_jaccard_median,crw_jaccard_p10,crw_spearman_mean,crw_kendall_mean
0.01,0.4523991231532311,0.4117647058823529,0.2631578947368421,0.9046678675160444,0.7762709791734831
0.1,0.4523991231532311,0.4117647058823529,0.2631578947368421,0.9046678675160444,0.7762709791734831
0.2,0.4523991231532311,0.4117647058823529,0.2631578947368421,0.9046678675160444,0.7762709791734831
0.3,0.4544756380970126,0.4117647058823529,0.2857142857142857,0.9053002995361682,0.7771098639654301
0.4,0.4607391341041962,0.44,0.2857142857142857,0.9074718461914688,0.7801440271697079
0.5,0.4707131252171132,0.44,0.2857142857142857,0.9117277981734934,0.7860950316290422
0.6,0.4833575224619649,0.44,0.3090909090909091,0.9160253537213208,0.7922546020279755
0.7,0.5053031837374565,0.4693877551020408,0.3333333333333333,0.9242718435037732,0.8042882734585368
0.8,0.5202223169098726,0.5,0.3333333333333333,0.9294828160337494,0.8124588109469196
0.9,0.5215551012040749,0.5,0.3333333333333333,0.930530308629456,0.8141370648007514
1.0,0.5142477688509631,0.5,0.3333333333333333,0.928376154630782,0.8106248005405817
1.1,0.5082012136521615,0.4693877551020408,0.3333333333333333,0.9264058429332904,0.8075139483126453
1.2,0.5147470299497268,0.5,0.3333333333333333,0.9297451626851748,0.8122032100059485
1.3,0.5095391350499412,0.4693877551020408,0.3333333333333333,0.9280032259366296,0.8094712692764287
1.4,0.5049395269751046,0.4693877551020408,0.3333333333333333,0.9264071302075736,0.8070146631020632
1.5,0.5010288537545101,0.4693877551020408,0.3333333333333333,0.925010905699204,0.8048888099366407
1.8,0.491992860681125,0.4693877551020408,0.3090909090909091,0.9217112894246478,0.7999630093834664
2.1,0.4856014449488978,0.4693877551020408,0.3090909090909091,0.9193205080995588,0.796467887916006
2.4,0.4811717318555267,0.44,0.3090909090909091,0.9175139705795886,0.793867414901137
2.7,0.4776495186519467,0.44,0.3090909090909091,0.9161030830692222,0.7918584008673542
3.0,0.4749652138528562,0.44,0.2857142857142857,0.9149678119903908,0.7902559638974316
