alpha,crw_jaccard_mean,crw_jaccard_median,crw_jaccard_p10,crw_spearman_mean,crw_kendall_mean
0.01,0.4411658363273562,0.4117647058823529,0.2631578947368421,0.8974793742149725,0.7663788949157795
0.1,0.4411658363273562,0.4117647058823529,0.2631578947368421,0.8974793742149725,0.7663788949157795
0.2,0.4411658363273562,0.4117647058823529,0.2631578947368421,0.8974793742149725,0.7663788949157795
0.3,0.4411658363273562,0.4117647058823529,0.2631578947368421,0.8974793742149725,0.7663788949157795
0.4,0.4431226409396108,0.4117647058823529,0.2631578947368421,0.8988499205004457,0.7677868695024375
0.5,0.4537545489370584,0.4117647058823529,0.2857142857142857,0.9049704874395536,0.7752665709167965
0.6,0.4812318817970489,0.4693877551020408,0.3090909090909091,0.9174910680484498,0.7924927129723927
0.7,0.5056983195913637,0.4693877551020408,0.3333333333333333,0.9275713647247168,0.8068620147728395
0.8,0.5208510552830025,0.5,0.3584905660377358,0.9342372768544124,0.8168662202746443
0.9,0.5197918705082585,0.5,0.3584905660377358,0.933984095104073,0.8166597947446296
1.0,0.5108851257457754,0.5,0.3333333333333333,0.9305328852809418,0.8114574679782424
1.1,0.5085940795249679,0.5,0.3333333333333333,0.9300622376780776,0.8095271281571603
1.2,0.5028686000111217,0.4693877551020408,0.3333333333333333,0.92768507988312,0.8056396399303365
1.3,0.4976307554731179,0.4693877551020408,0.3333333333333333,0.9254904360401798,0.8025550541952009
1.4,0.4932739338472686,0.4693877551020408,0.3090909090909091,0.9235874664305092,0.7999065718296602
1.5,0.4895559595540323,0.4693877551020408,0.3090909090909091,0.9219243641260998,0.7976127719435923
1.8,0.4809726085004711,0.4693877551020408,0.3090909090909091,0.9179983670250818,0.7922929407757672
2.1,0.4747109561302439,0.44,0.3090909090909091,0.915152734084559,0.7885035963193611
2.4,0.4701200109816389,0.44,0.2857142857142857,0.9129967219207052,0.7856614807750325
2.7,0.4667221209483804,0.44,0.2857142857142857,0.9113106635646064,0.7834631217341829
3.0,0.4640757967507926,0.44,0.2857142857142857,0.9099509014453584,0.7817040968287441
