alpha,crw_jaccard_mean,crw_jaccard_median,crw_jaccard_p10,crw_spearman_mean,crw_kendall_mean
0.01,0.4523991231532311,0.4117647058823529,0.2631578947368421,0.9046678675160444,0.7762709791734831
0.1,0.4523991231532311,0.4117647058823529,0.2631578947368421,0.9046678675160444,0.7762709791734831
0.2,0.4523991231532311,0.4117647058823529,0.2631578947368421,0.9046678675160444,0.7762709791734831
0.3,0.4523991231532311,0.4117647058823529,0.2631578947368421,0.9046678675160444,0.7762709791734831
0.4,0.4523991231532311,0.4117647058823529,0.2631578947368421,0.9046678675160444,0.7762709791734831
0.5,0.4676440984042744,0.44,0.2857142857142857,0.9110595694245436,0.7838647182156221
0.6,0.4933086529178598,0.4693877551020408,0.3090909090909091,0.9227444085481604,0.7999255206269958
0.7,0.4926848930546015,0.4693877551020408,0.3090909090909091,0.9229083195376124,0.7999657010529072
0.8,0.4941233407844836,0.4693877551020408,0.3090909090909091,0.9236924191799016,0.801338713891679
0.9,0.4889856408931554,0.4693877551020408,0.3090909090909091,0.9215249406942708,0.798335513373173
1.0,0.4850585917720644,0.4693877551020408,0.3090909090909091,0.9198000708816544,0.7959622771506184
1.1,0.4817671160923638,0.44,0.3090909090909091,0.9183964965444444,0.7940771154030515
1.2,0.4791190087422542,0.44,0.3090909090909091,0.9172301101344102,0.7925114010718347
1.3,0.4768563855379349,0.44,0.3090909090909091,0.9162459226170286,0.7911952150182643
1.4,0.4750603008387634,0.44,0.2857142857142857,0.9154075496499484,0.7900798548455624
1.5,0.4733955898862371,0.44,0.2857142857142857,0.9146803435519706,0.789114910004808
1.8,0.4697841034039018,0.44,0.2857142857142857,0.912990014157104,0.7869012541156645
2.1,0.4672354493107376,0.44,0.2857142857142857,0.9117888025174706,0.7853410266944627
2.4,0.4653981821860685,0.44,0.2857142857142857,0.9108921375461928,0.784184853776377
2.7,0.4639105497040642,0.44,0.2857142857142857,0.9101984184068016,0.7833077125670663
3.0,0.4628321980671775,0.44,0.2857142857142857,0.9096454135763186,0.7825981820395429
