alpha,crw_jaccard_mean,crw_jaccard_median,crw_jaccard_p10,crw_spearman_mean,crw_kendall_mean
0.01,0.4523991231532311,0.4117647058823529,0.2631578947368421,0.9046678675160444,0.7762709791734831
0.1,0.4523991231532311,0.4117647058823529,0.2631578947368421,0.9046678675160444,0.7762709791734831
0.2,0.4523991231532311,0.4117647058823529,0.2631578947368421,0.9046678675160444,0.7762709791734831
0.3,0.4523991231532311,0.4117647058823529,0.2631578947368421,0.9046678675160444,0.7762709791734831
0.4,0.4523991231532311,0.4117647058823529,0.2631578947368421,0.9046678675160444,0.7762709791734831
0.5,0.4519942556946696,0.4117647058823529,0.2631578947368421,0.9047645396526878,0.7762200652016797
0.6,0.4531190676766621,0.4117647058823529,0.2857142857142857,0.904860648126461,0.7763823171438646
0.7,0.4576618605236248,0.4117647058823529,0.2857142857142857,0.9068059542048996,0.7790375136601998
0.8,0.466765056279909,0.44,0.2857142857142857,0.9112717978232004,0.7848250434751817
0.9,0.4759847297030344,0.44,0.2857142857142857,0.9148180884477504,0.7898131764226552
1.0,0.4818937042905188,0.44,0.3090909090909091,0.9171844148863708,0.79309592305626
1.1,0.483130920731125,0.44,0.3090909090909091,0.9181065700289146,0.7943168502629675
1.2,0.4807760817025765,0.44,0.3090909090909091,0.9171585669540951,0.7929855391021945
1.3,0.4786183583595355,0.44,0.3090909090909091,0.9162416280789124,0.7916978177729304
1.4,0.4774397482923981,0.44,0.3090909090909091,0.9158758888695376,0.7909562351111264
1.5,0.4825492329442061,0.44,0.3090909090909091,0.9180551899605705,0.793968410554011
1.8,0.4772203569678049,0.44,0.3090909090909091,0.9158658929243836,0.7909514247266685
2.1,0.473539506642294,0.44,0.2857142857142857,0.914289914020062,0.7888229603160165
2.4,0.470848115092852,0.44,0.2857142857142857,0.913101781449986,0.7872345831502056
2.7,0.4686813029965317,0.44,0.2857142857142857,0.9121777638769362,0.786004867102226
3.0,0.4669887989522164,0.44,0.2857142857142857,0.9114354778264544,0.7850276817147344
