alpha,crw_jaccard_mean,crw_jaccard_median,crw_jaccard_p10,crw_spearman_mean,crw_kendall_mean
0.01,0.4523991231532311,0.4117647058823529,0.2631578947368421,0.9046678675160444,0.7762709791734831
0.1,0.4523991231532311,0.4117647058823529,0.2631578947368421,0.9046678675160444,0.7762709791734831
0.2,0.4535993570083161,0.4117647058823529,0.2857142857142857,0.905205827098016,0.7767597643043924
0.3,0.4612047149946611,0.44,0.2857142857142857,0.9081878185475816,0.7804869058984958
0.4,0.4764601801841637,0.44,0.3090909090909091,0.9140381508612186,0.7882603276050965
0.5,0.4998771927186717,0.4693877551020408,0.3090909090909091,0.9227390175465152,0.8009433068974469
0.6,0.5301953059239264,0.5,0.3584905660377358,0.9323845301483052,0.8161691407039264
0.7,0.559246239164213,0.5319148936170213,0.3846153846153846,0.9416247397433736,0.8313030448264743
0.8,0.5752408821823868,0.5652173913043478,0.3846153846153846,0.9467063966163016,0.839773915183749
0.9,0.5764822678551981,0.5652173913043478,0.3846153846153846,0.947769613832888,0.8414370600878381
1.0,0.5643321807222785,0.5319148936170213,0.3846153846153846,0.945227466438617,0.8366343686684934
1.1,0.5526360252649651,0.5319148936170213,0.3846153846153846,0.9421221922304744,0.8312831863096792
1.2,0.554511598854844,0.5319148936170213,0.3846153846153846,0.9435290302981024,0.8334684569002325
1.3,0.5452540881730366,0.5319148936170213,0.3584905660377358,0.940859586900549,0.8289801636002261
1.4,0.5374044269380089,0.5,0.3584905660377358,0.9384436040229256,0.8250145307259904
1.5,0.5307305626196008,0.5,0.3584905660377358,0.9363203590041388,0.8215948180304169
1.8,0.5158810824905861,0.5,0.3333333333333333,0.9312711223838788,0.8136960832398297
2.1,0.5057382200391088,0.4693877551020408,0.3333333333333333,0.9275853179484628,0.8081110771098245
2.4,0.4981361401714768,0.4693877551020408,0.3090909090909091,0.924782076571408,0.8039531761806238
2.7,0.4922770354221428,0.4693877551020408,0.3090909090909091,0.9225857459620888,0.8007520630257448
3.0,0.4879586146593394,0.4693877551020408,0.3090909090909091,0.9208155801283504,0.7982081227847692
