alpha,crw_jaccard_mean,crw_jaccard_median,crw_jaccard_p10,crw_spearman_mean,crw_kendall_mean
0.01,0.4411658363273562,0.4117647058823529,0.2631578947368421,0.8974793742149725,0.7663788949157795
0.1,0.4411658363273562,0.4117647058823529,0.2631578947368421,0.8974793742149725,0.7663788949157795
0.2,0.4411658363273562,0.4117647058823529,0.2631578947368421,0.8974793742149725,0.7663788949157795
0.3,0.4411658363273562,0.4117647058823529,0.2631578947368421,0.8974793742149725,0.7663788949157795
0.4,0.4411658363273562,0.4117647058823529,0.2631578947368421,0.8974793742149725,0.7663788949157795
0.5,0.458278241870489,0.44,0.2857142857142857,0.9051211958088138,0.7756141590005315
0.6,0.4874412540567465,0.4693877551020408,0.3090909090909091,0.9186172609442724,0.7938798929080723
0.7,0.487583948890965,0.4693877551020408,0.3090909090909091,0.9190932937336296,0.7943134951391736
0.8,0.4826561537067793,0.4693877551020408,0.3090909090909091,0.917505229816586,0.792299948302464
0.9,0.4775391576882024,0.44,0.3090909090909091,0.9152294239143282,0.7892053935053003
1.0,0.4735834295946977,0.44,0.3090909090909091,0.9134149836184436,0.7867598349488015
1.1,0.4703804152957173,0.44,0.2857142857142857,0.911939819904366,0.7848176313765799
1.2,0.4677518408241682,0.44,0.2857142857142857,0.9107115652987284,0.7832003224632517
1.3,0.4656006158310676,0.44,0.2857142857142857,0.9096770973771784,0.7818422002669682
1.4,0.4637790624104324,0.44,0.2857142857142857,0.9087950559600412,0.7806942840832427
1.5,0.4621501075351405,0.44,0.2857142857142857,0.9080294561314946,0.779696748465694
1.8,0.4583862309471503,0.44,0.2857142857142857,0.9062498946309696,0.7774029391393124
2.1,0.4558738888093949,0.44,0.2857142857142857,0.9049864391731244,0.7757893172131133
2.4,0.4540180522107619,0.4117647058823529,0.2857142857142857,0.9040422810671273,0.7745913803472672
2.7,0.4525860880518109,0.4117647058823529,0.2857142857142857,0.9033123586241988,0.7736797176354683
3.0,0.4515098288556111,0.4117647058823529,0.2857142857142857,0.9027285454583948,0.7729435387363014
