alpha,crw_jaccard_mean,crw_jaccard_median,crw_jaccard_p10,crw_spearman_mean,crw_kendall_mean
0.01,0.4523991231532311,0.4117647058823529,0.2631578947368421,0.9046678675160444,0.7762709791734831
0.1,0.4523991231532311,0.4117647058823529,0.2631578947368421,0.9046678675160444,0.7762709791734831
0.2,0.453853298246938,0.4117647058823529,0.2857142857142857,0.9051368300340196,0.7768587509858957
0.3,0.4596457323491225,0.44,0.2857142857142857,0.9077586599907544,0.7801230691286848
0.4,0.4759429014776225,0.44,0.2857142857142857,0.9150689882652308,0.7897145541009515
0.5,0.4967861779044535,0.4693877551020408,0.3090909090909091,0.9236966595677016,0.8017229945685064
0.6,0.5065621909888643,0.4693877551020408,0.3333333333333333,0.9277310974560942,0.8075662963951794
0.7,0.5006382329393961,0.4693877551020408,0.3333333333333333,0.9259455975692498,0.8048742069514031
0.8,0.4947645871158616,0.4693877551020408,0.3090909090909091,0.9235854003242662,0.8015184008224364
0.9,0.5042907838815915,0.4693877551020408,0.3333333333333333,0.9261834646165706,0.8044480434151718
1.0,0.5048593941757649,0.4693877551020408,0.3333333333333333,0.9265705426400648,0.8045476325520787
1.1,0.4995708526436146,0.4693877551020408,0.3090909090909091,0.9246568586269588,0.8018578554405227
1.2,0.4952623752550639,0.4693877551020408,0.3090909090909091,0.9230443459788624,0.799626908709135
1.3,0.4917863105196874,0.4693877551020408,0.3090909090909091,0.9216704554518654,0.7977621920486233
1.4,0.4888805575132416,0.4693877551020408,0.3090909090909091,0.9204838105637444,0.7961633337745391
1.5,0.4863598919534304,0.4693877551020408,0.3090909090909091,0.9194517082061686,0.7947845919361692
1.8,0.4802121702399184,0.44,0.3090909090909091,0.917022535592108,0.7915883191205898
2.1,0.4759117411428756,0.44,0.2857142857142857,0.9152796652315262,0.7893299017117729
2.4,0.4727551184864538,0.44,0.2857142857142857,0.9139636817091696,0.7876306783796148
2.7,0.4702621885281,0.44,0.2857142857142857,0.9129323932357416,0.7863222325663188
3.0,0.4683599253406549,0.44,0.2857142857142857,0.9121047493050236,0.7852683169445684
