alpha,crw_jaccard_mean,crw_jaccard_median,crw_jaccard_p10,crw_spearman_mean,crw_kendall_mean
0.01,0.4523991231532311,0.4117647058823529,0.2631578947368421,0.9046678675160444,0.7762709791734831
0.1,0.4523991231532311,0.4117647058823529,0.2631578947368421,0.9046678675160444,0.7762709791734831
0.2,0.4523991231532311,0.4117647058823529,0.2631578947368421,0.9046678675160444,0.7762709791734831
0.3,0.4526497397595581,0.4117647058823529,0.2631578947368421,0.9048812402549504,0.7764128530185312
0.4,0.4586410411472794,0.4117647058823529,0.2857142857142857,0.9080276952296586,0.7804257622575435
0.5,0.4742798527879914,0.44,0.2857142857142857,0.9157487469404236,0.7905602317432314
0.6,0.4982827218363239,0.4693877551020408,0.3090909090909091,0.9254999104633476,0.8049621687081012
0.7,0.5321055698080093,0.5,0.3584905660377358,0.9382304301550852,0.8244248826512321
0.8,0.5615612297832864,0.5319148936170213,0.3846153846153846,0.9475809272466332,0.8398416867418613
0.9,0.58310500815856,0.5652173913043478,0.4117647058823529,0.9532347339122864,0.8499573982334772
1.0,0.5853310957042109,0.5652173913043478,0.4117647058823529,0.9541780029321488,0.8515036421900267
1.1,0.5859682194910624,0.5652173913043478,0.4117647058823529,0.9544212425828144,0.8520081324627972
1.2,0.5760693821712872,0.5652173913043478,0.3846153846153846,0.951904871276524,0.8473406244292622
1.3,0.5651161874421524,0.5319148936170213,0.3846153846153846,0.9487908203772828,0.8418357238087487
1.4,0.5602046277204454,0.5319148936170213,0.3846153846153846,0.9474391414297784,0.8394055204670987
1.5,0.5566223604765342,0.5319148936170213,0.3846153846153846,0.9458132662052804,0.8369076030261687
1.8,0.5362741990834649,0.5,0.3584905660377358,0.9393178875615068,0.8261857105658132
2.1,0.5225176756749561,0.5,0.3333333333333333,0.9345564611229,0.8186688130447081
2.4,0.5124296102155795,0.4693877551020408,0.3333333333333333,0.9309255769102112,0.8130839735725486
2.7,0.50487606884038,0.4693877551020408,0.3333333333333333,0.9280766250705424,0.8088072780959633
3.0,0.4989446044906942,0.4693877551020408,0.3090909090909091,0.9257756930548904,0.805396047885328
