alpha,crw_jaccard_mean,crw_jaccard_median,crw_jaccard_p10,crw_spearman_mean,crw_kendall_mean
0.01,0.4523991231532311,0.4117647058823529,0.2631578947368421,0.9046678675160444,0.7762709791734831
0.1,0.4523991231532311,0.4117647058823529,0.2631578947368421,0.9046678675160444,0.7762709791734831
0.2,0.4523991231532311,0.4117647058823529,0.2631578947368421,0.9046678675160444,0.7762709791734831
0.3,0.4530759631428739,0.4117647058823529,0.2631578947368421,0.9049803530523292,0.7765345082532803
0.4,0.460030714810499,0.44,0.2857142857142857,0.9084851207340172,0.7809330514017779
0.5,0.469763809813734,0.44,0.2857142857142857,0.9135922390802568,0.7875311153851153
0.6,0.486249060552838,0.4693877551020408,0.3090909090909091,0.921157201942118,0.7970170106303146
0.7,0.4869287424604141,0.4693877551020408,0.3090909090909091,0.9213804657424598,0.797083754374274
0.8,0.48312532161325,0.44,0.3090909090909091,0.9197206809708538,0.7949172798113645
0.9,0.4796001021843571,0.44,0.3090909090909091,0.9181104979824302,0.7928455275405661
1.0,0.4754122374062525,0.44,0.3090909090909091,0.9162121508135443,0.7901391249473367
1.1,0.4795744856359593,0.44,0.3090909090909091,0.9186491672799932,0.7935052194750962
1.2,0.4771658753568075,0.44,0.3090909090909091,0.9174952307990116,0.7920127891190085
1.3,0.4751187592901982,0.44,0.2857142857142857,0.916514274647864,0.7907569605279592
1.4,0.4733300511152147,0.44,0.2857142857142857,0.915673596061656,0.7896955399475981
1.5,0.4718288418989838,0.44,0.2857142857142857,0.9149415889423334,0.7887662935622863
1.8,0.468262022480803,0.44,0.2857142857142857,0.9132297778823304,0.78662720135541
2.1,0.4657481079205076,0.44,0.2857142857142857,0.9120050264586584,0.785107410247084
2.4,0.4639743769587887,0.44,0.2857142857142857,0.9110836207925942,0.7839631116097189
2.7,0.4625616574601913,0.44,0.2857142857142857,0.9103660454326166,0.7830780212024208
3.0,0.4614580983617314,0.44,0.2857142857142857,0.9097893620415176,0.7823695782171888
