alpha,crw_jaccard_mean,crw_jaccard_median,crw_jaccard_p10,crw_spearman_mean,crw_kendall_mean
0.01,0.4523991231532311,0.4117647058823529,0.2631578947368421,0.9046678675160444,0.7762709791734831
0.1,0.4523991231532311,0.4117647058823529,0.2631578947368421,0.9046678675160444,0.7762709791734831
0.2,0.4523991231532311,0.4117647058823529,0.2631578947368421,0.9046678675160444,0.7762709791734831
0.3,0.4548612453432283,0.4117647058823529,0.2857142857142857,0.9058744502536128,0.7777388783298164
0.4,0.4621326071467239,0.44,0.2857142857142857,0.9091603874789996,0.7819102374246755
0.5,0.4717449263103512,0.44,0.2857142857142857,0.912558875901722,0.7866765773730325
0.6,0.4966197702815557,0.4693877551020408,0.3090909090909091,0.9218244513345774,0.8001346224859414
0.7,0.5261297300774574,0.5,0.3584905660377358,0.9325540446860554,0.8163398974610228
0.8,0.5558539259404031,0.5319148936170213,0.3846153846153846,0.9426467237874916,0.8324779040285574
0.9,0.5763429656095578,0.5652173913043478,0.3846153846153846,0.9481614254063632,0.8420562655124405
1.0,0.5864295239147683,0.5652173913043478,0.4117647058823529,0.9512991499957164,0.8474958888146448
1.1,0.5808628061367987,0.5652173913043478,0.4117647058823529,0.9502048600895562,0.8455809020298776
1.2,0.567950993869755,0.5319148936170213,0.3846153846153846,0.947096634939292,0.8399653230809014
1.3,0.5613258177235613,0.5319148936170213,0.3846153846153846,0.9457259233900762,0.8372303731606209
1.4,0.5592484056234387,0.5319148936170213,0.3846153846153846,0.9456083967792254,0.836969644404644
1.5,0.5506190830834236,0.5319148936170213,0.3846153846153846,0.9430793125641688,0.8326883981522274
1.8,0.5315554044446918,0.5,0.3584905660377358,0.9370227536446358,0.8227933942959708
2.1,0.5187687816583553,0.5,0.3333333333333333,0.9325824524327104,0.8158240306117626
2.4,0.5093498652210942,0.4693877551020408,0.3333333333333333,0.9292000073057008,0.8106646178775052
2.7,0.502106142885952,0.4693877551020408,0.3333333333333333,0.926536754926409,0.806686498372971
3.0,0.4965928979740471,0.4693877551020408,0.3090909090909091,0.924389628734362,0.8035338587780343
