alpha,crw_jaccard_mean,crw_jaccard_median,crw_jaccard_p10,crw_spearman_mean,crw_kendall_mean
0.01,0.4411658363273562,0.4117647058823529,0.2631578947368421,0.8974793742149725,0.7663788949157795
0.1,0.4411658363273562,0.4117647058823529,0.2631578947368421,0.8974793742149725,0.7663788949157795
0.2,0.4411658363273562,0.4117647058823529,0.2631578947368421,0.8974793742149725,0.7663788949157795
0.3,0.4411658363273562,0.4117647058823529,0.2631578947368421,0.8974793742149725,0.7663788949157795
0.4,0.4411658363273562,0.4117647058823529,0.2631578947368421,0.8974793742149725,0.7663788949157795
0.5,0.4601370441609912,0.44,0.2857142857142857,0.9059357247064508,0.7769543976117982
0.6,0.4801686658959161,0.4693877551020408,0.3090909090909091,0.9151319525634776,0.789406751493081
0.7,0.4775977622259728,0.44,0.3090909090909091,0.9141961456367504,0.7881206983761725
0.8,0.4717568145956665,0.44,0.2857142857142857,0.911669926100746,0.7851107147199643
0.9,0.4680097221069983,0.44,0.2857142857142857,0.910033618633936,0.7828699989885811
1.0,0.4650844277065375,0.44,0.2857142857142857,0.9087321376542412,0.7810924171495973
1.1,0.4628508606198446,0.44,0.2857142857142857,0.9076785621256962,0.7796878111210258
1.2,0.460917375318711,0.44,0.2857142857142857,0.9068038048395312,0.7785233372624955
1.3,0.4592875466912332,0.44,0.2857142857142857,0.906068041860034,0.7775427365692101
1.4,0.4578767327332006,0.44,0.2857142857142857,0.905441561744773,0.7767126512388881
1.5,0.4566968282380466,0.44,0.2857142857142857,0.9048997048081696,0.7759927633256641
1.8,0.4539614953046516,0.44,0.2857142857142857,0.9036413356792408,0.7743414623843646
2.1,0.452142281438039,0.4117647058823529,0.2857142857142857,0.9027507123121096,0.7731815938557867
2.4,0.4508241198583698,0.4117647058823529,0.2857142857142857,0.9020860136201432,0.7723187475507073
2.7,0.4498336058983759,0.4117647058823529,0.2631578947368421,0.9015731104860698,0.771664485158132
3.0,0.4489898211138982,0.4117647058823529,0.2631578947368421,0.9011641437349378,0.7711357569707372
