alpha,crw_jaccard_mean,crw_jaccard_median,crw_jaccard_p10,crw_spearman_mean,crw_kendall_mean
0.01,0.4523991231532311,0.4117647058823529,0.2631578947368421,0.9046678675160444,0.7762709791734831
0.1,0.4523991231532311,0.4117647058823529,0.2631578947368421,0.9046678675160444,0.7762709791734831
0.2,0.4523991231532311,0.4117647058823529,0.2631578947368421,0.9046678675160444,0.7762709791734831
0.3,0.4536897389749506,0.4117647058823529,0.2857142857142857,0.9055659088015128,0.7771737134362937
0.4,0.4564372772262911,0.4117647058823529,0.2857142857142857,0.9070764638033894,0.7789699451596039
0.5,0.4653140669446626,0.44,0.2857142857142857,0.9113580789642648,0.7847287063447963
0.6,0.4752299920620586,0.44,0.2857142857142857,0.91590755784209,0.7912498139802074
0.7,0.4869281642703247,0.4693877551020408,0.3090909090909091,0.9212084229304248,0.798654127046435
0.8,0.5014555870451266,0.4693877551020408,0.3333333333333333,0.9275491359459108,0.807807668514115
0.9,0.5206784066563107,0.5,0.3333333333333333,0.9344612940803558,0.8185260955623961
1.0,0.5246538143878093,0.5,0.3333333333333333,0.93595311654343,0.820917922485772
1.1,0.5237774027537656,0.5,0.3333333333333333,0.9355999394589268,0.8204560668481554
1.2,0.5199814706605193,0.5,0.3333333333333333,0.9344539961320846,0.8184936850592845
1.3,0.5146823008727566,0.5,0.3333333333333333,0.932463283112628,0.8153902848697385
1.4,0.5110492493474341,0.4693877551020408,0.3333333333333333,0.931079972089903,0.8133262365303161
1.5,0.5135359084836433,0.5,0.3333333333333333,0.93174365091443,0.8144121685220815
1.8,0.5019636787715304,0.4693877551020408,0.3333333333333333,0.927252175513284,0.807647956651718
2.1,0.4940898479600843,0.4693877551020408,0.3090909090909091,0.9240324640764264,0.8029220605503329
2.4,0.4885044224148366,0.4693877551020408,0.3090909090909091,0.9216135692548182,0.7994312257114652
2.7,0.4841964175898382,0.44,0.3090909090909091,0.919734108280117,0.7967487945255429
3.0,0.4808627634423342,0.44,0.3090909090909091,0.9182270575542322,0.7946290481538106
