alpha,crw_jaccard_mean,crw_jaccard_median,crw_jaccard_p10,crw_spearman_mean,crw_kendall_mean
0.01,0.4523991231532311,0.4117647058823529,0.2631578947368421,0.9046678675160444,0.7762709791734831
0.1,0.4523991231532311,0.4117647058823529,0.2631578947368421,0.9046678675160444,0.7762709791734831
0.2,0.4523991231532311,0.4117647058823529,0.2631578947368421,0.9046678675160444,0.7762709791734831
0.3,0.4703662795913924,0.44,0.2857142857142857,0.9128758198272552,0.7872460202717844
0.4,0.4777272863006881,0.44,0.2857142857142857,0.9143900973104124,0.7897146918024502
0.5,0.5183249197583513,0.5,0.3333333333333333,0.9314554576085028,0.814197675517842
0.6,0.5329301803850759,0.5,0.3584905660377358,0.9382963577900952,0.8242147473502546
0.7,0.5253334265078217,0.5,0.3584905660377358,0.9356967169218692,0.8201959969171472
0.8,0.5232898756524168,0.5,0.3333333333333333,0.93471216177345,0.8184964896494004
0.9,0.5140515904950476,0.5,0.3333333333333333,0.9314312595246524,0.8134441226290526
1.0,0.5069582051120984,0.4693877551020408,0.3333333333333333,0.9287850416198116,0.80945350923244
1.1,0.5012087410908533,0.4693877551020408,0.3090909090909091,0.9266085565670378,0.8062350342514198
1.2,0.4966741812718132,0.4693877551020408,0.3090909090909091,0.9247880965964356,0.8035835117417824
1.3,0.4928277040904149,0.4693877551020408,0.3090909090909091,0.9232424673934309,0.8013565509105333
1.4,0.4897236563428178,0.4693877551020408,0.3090909090909091,0.9219167422668476,0.7994696549591871
1.5,0.4869261836742976,0.4693877551020408,0.3090909090909091,0.9207678430242696,0.7978492020583116
1.8,0.480748050540184,0.44,0.3090909090909091,0.9180838328175684,0.7941066018597701
2.1,0.4764548916422674,0.44,0.2857142857142857,0.9161623326810564,0.7914619026999404
2.4,0.4732288263012998,0.44,0.2857142857142857,0.9147225188137226,0.7894969682139391
2.7,0.4708156744852252,0.44,0.2857142857142857,0.9135992071699376,0.7879730754708599
3.0,0.4689676569777524,0.44,0.2857142857142857,0.9127029807705872,0.7867676315586416
