alpha,crw_jaccard_mean,crw_jaccard_median,crw_jaccard_p10,crw_spearman_mean,crw_kendall_mean
0.01,0.4523991231532311,0.4117647058823529,0.2631578947368421,0.9046678675160444,0.7762709791734831
0.1,0.4523991231532311,0.4117647058823529,0.2631578947368421,0.9046678675160444,0.7762709791734831
0.2,0.4523991231532311,0.4117647058823529,0.2631578947368421,0.9046678675160444,0.7762709791734831
0.3,0.4573014856403588,0.4117647058823529,0.2631578947368421,0.9080595002532412,0.7816016546293417
0.4,0.4590354213070314,0.44,0.2857142857142857,0.9075773391294992,0.7811199166018289
0.5,0.4833609824023894,0.44,0.3090909090909091,0.918417905270996,0.7960290494878358
0.6,0.5048287221749161,0.4693877551020408,0.3333333333333333,0.9281417757361862,0.8095780386796183
0.7,0.5017214427918842,0.4693877551020408,0.3090909090909091,0.9269016987160325,0.8077835501465398
0.8,0.5023674235572115,0.4693877551020408,0.3090909090909091,0.9269795780774104,0.8076102063804036
0.9,0.4959671491361953,0.4693877551020408,0.3090909090909091,0.9244999173132342,0.8038833465433549
1.0,0.4912139441902567,0.4693877551020408,0.3090909090909091,0.9225120121641204,0.8009422993255051
1.1,0.4871788752159421,0.4693877551020408,0.3090909090909091,0.9208831990853606,0.7985630213929615
1.2,0.4840239124784936,0.44,0.3090909090909091,0.9195272232543784,0.796602143064818
1.3,0.4813398759447521,0.44,0.3090909090909091,0.9183772543122486,0.7949530153018842
1.4,0.4791103640345978,0.44,0.3090909090909091,0.9173929774733892,0.793553743050547
1.5,0.4772218433999598,0.44,0.2857142857142857,0.9165401803795,0.792348750185624
1.8,0.4728497339690639,0.44,0.2857142857142857,0.9145510799869996,0.7895600686322206
2.1,0.4697552359252541,0.44,0.2857142857142857,0.9131312677486024,0.7875904188910762
2.4,0.4674969726433545,0.44,0.2857142857142857,0.9120679401633628,0.7861256344936268
2.7,0.4657794570158118,0.44,0.2857142857142857,0.9112385252585266,0.7849877747856032
3.0,0.4643600668579453,0.44,0.2857142857142857,0.9105778888898806,0.7840898125105901
