alpha,crw_jaccard_mean,crw_jaccard_median,crw_jaccard_p10,crw_spearman_mean,crw_kendall_mean
0.01,0.4411658363273562,0.4117647058823529,0.2631578947368421,0.8974793742149725,0.7663788949157795
0.1,0.4411658363273562,0.4117647058823529,0.2631578947368421,0.8974793742149725,0.7663788949157795
0.2,0.4411658363273562,0.4117647058823529,0.2631578947368421,0.8974793742149725,0.7663788949157795
0.3,0.4411658363273562,0.4117647058823529,0.2631578947368421,0.8974793742149725,0.7663788949157795
0.4,0.443829945015989,0.4117647058823529,0.2631578947368421,0.8988220251798694,0.767920742227773
0.5,0.451830606839079,0.4117647058823529,0.2857142857142857,0.9026187120212628,0.7730164873987497
0.6,0.4593704923997304,0.44,0.2857142857142857,0.9056048466198724,0.7770974326154299
0.7,0.4709875564672985,0.44,0.2857142857142857,0.911199373747668,0.7845252303681761
0.8,0.4844740010320039,0.4693877551020408,0.3090909090909091,0.917630977628076,0.793077265547065
0.9,0.4996257892263771,0.4693877551020408,0.3333333333333333,0.924396609087814,0.8031188944493227
1.0,0.5069161323979576,0.4693877551020408,0.3333333333333333,0.9273277260816432,0.8072157387881556
1.1,0.5054773279100669,0.4693877551020408,0.3333333333333333,0.9266441733944358,0.806435305786176
1.2,0.4997408697627074,0.4693877551020408,0.3333333333333333,0.9245206099551548,0.8032593082227777
1.3,0.4963690399178357,0.4693877551020408,0.3090909090909091,0.9234163141478876,0.8014226187643416
1.4,0.4948369937403336,0.4693877551020408,0.3090909090909091,0.9231107101947156,0.8009723828820645
1.5,0.4908524717765359,0.4693877551020408,0.3090909090909091,0.9214448005754364,0.7985846459745944
1.8,0.4818112766271556,0.4693877551020408,0.3090909090909091,0.9175255569441368,0.7930433797226227
2.1,0.4755415175593041,0.44,0.3090909090909091,0.9147030107414296,0.7891288510788205
2.4,0.4709688968553166,0.44,0.2857142857142857,0.9125795444652908,0.7862230447335163
2.7,0.4673571878011865,0.44,0.2857142857142857,0.9109185443781748,0.7839707109714662
3.0,0.4647128215764109,0.44,0.2857142857142857,0.9095861464873016,0.7821778025108914
