alpha,crw_jaccard_mean,crw_jaccard_median,crw_jaccard_p10,crw_spearman_mean,crw_kendall_mean
0.01,0.4523991231532311,0.4117647058823529,0.2631578947368421,0.9046678675160444,0.7762709791734831
0.1,0.4523991231532311,0.4117647058823529,0.2631578947368421,0.9046678675160444,0.7762709791734831
0.2,0.4523991231532311,0.4117647058823529,0.2631578947368421,0.9046678675160444,0.7762709791734831
0.3,0.4529781845089848,0.4117647058823529,0.2857142857142857,0.9048223528087832,0.7763665621680402
0.4,0.4589691277913718,0.4117647058823529,0.2857142857142857,0.9074955948733808,0.7796242186263934
0.5,0.4738640137262802,0.44,0.2857142857142857,0.9144064640483518,0.788348665068125
0.6,0.4952671288903363,0.4693877551020408,0.3090909090909091,0.9232751151812768,0.8008375405275866
0.7,0.5203871253400442,0.5,0.3333333333333333,0.9325102961328394,0.8145692539802837
0.8,0.5536709968334733,0.5319148936170213,0.3846153846153846,0.9442354137480324,0.8333192354956501
0.9,0.5796706147435318,0.5652173913043478,0.4117647058823529,0.9526090505297136,0.8475765047364813
1.0,0.5909622009043942,0.5652173913043478,0.4117647058823529,0.9568047963310372,0.854993042191986
1.1,0.5882406171324694,0.5652173913043478,0.4117647058823529,0.956538312570712,0.8544452092605351
1.2,0.575103934841978,0.5652173913043478,0.4117647058823529,0.9528741424262984,0.8478376025724144
1.3,0.5666735250685401,0.5319148936170213,0.3846153846153846,0.9505787162384788,0.8435399557719525
1.4,0.5516745239087277,0.5319148936170213,0.3846153846153846,0.946906879700186,0.8359183937652935
1.5,0.5439316690125987,0.5319148936170213,0.3584905660377358,0.9443269054877744,0.831741262372475
1.8,0.5265091814258994,0.5,0.3584905660377358,0.9381232400402444,0.8220556905138263
2.1,0.5146919031548784,0.5,0.3333333333333333,0.9335546407647332,0.8152172635266236
2.4,0.5061068815024817,0.4693877551020408,0.3333333333333333,0.930067520590334,0.8101488405296803
2.7,0.4994588971799212,0.4693877551020408,0.3333333333333333,0.9273225631502922,0.8062385508590411
3.0,0.4943113326731482,0.4693877551020408,0.3090909090909091,0.9251079353784748,0.8031379552596111
