alpha,crw_jaccard_mean,crw_jaccard_median,crw_jaccard_p10,crw_spearman_mean,crw_kendall_mean
0.01,0.4523991231532311,0.4117647058823529,0.2631578947368421,0.9046678675160444,0.7762709791734831
0.1,0.4523991231532311,0.4117647058823529,0.2631578947368421,0.9046678675160444,0.7762709791734831
0.2,0.4585995745730303,0.4117647058823529,0.2857142857142857,0.9069077787297416,0.7791066018697551
0.3,0.4852446647173633,0.4693877551020408,0.3090909090909091,0.9170957479405316,0.7931004547699197
0.4,0.5185074268247152,0.5,0.3333333333333333,0.9275271537181878,0.8096548861008479
0.5,0.5569291895053959,0.5319148936170213,0.3846153846153846,0.9397376001898086,0.8290063387761459
0.6,0.5949588905475676,0.5652173913043478,0.4117647058823529,0.9512460618264306,0.8485436564321052
0.7,0.6218181327468293,0.6,0.44,0.9597112887060172,0.863491087399937
0.8,0.6196728405266116,0.6,0.44,0.96096274166655,0.8652673699249772
0.9,0.6006970279761985,0.6,0.4117647058823529,0.9572440066283394,0.8575988477132778
1.0,0.582690686575737,0.5652173913043478,0.4117647058823529,0.9526583339701314,0.8490950421893037
1.1,0.5849955593045961,0.5652173913043478,0.4117647058823529,0.9525461574224658,0.8487177601434935
1.2,0.5734687390560069,0.5652173913043478,0.3846153846153846,0.949386244,0.8430777222494716
1.3,0.5618959099965323,0.5319148936170213,0.3846153846153846,0.9462110548623414,0.8375827857892847
1.4,0.5523791096726032,0.5319148936170213,0.3846153846153846,0.9434376771789498,0.8329062582621977
1.5,0.5443958843349698,0.5319148936170213,0.3584905660377358,0.940996985793586,0.8288814820950172
1.8,0.5267679544070257,0.5,0.3584905660377358,0.9352000854649836,0.8196276678846383
2.1,0.5146116103665965,0.5,0.3333333333333333,0.930973195909728,0.8131275531467933
2.4,0.5057993927737611,0.4693877551020408,0.3333333333333333,0.9277601311116742,0.8082897905082326
2.7,0.499109203352882,0.4693877551020408,0.3333333333333333,0.9252367166747274,0.8045556109787294
3.0,0.4938765021583404,0.4693877551020408,0.3090909090909091,0.9232002130138832,0.801587660773083
