alpha,crw_jaccard_mean,crw_jaccard_median,crw_jaccard_p10,crw_spearman_mean,crw_kendall_mean
0.01,0.4523991231532311,0.4117647058823529,0.2631578947368421,0.9046678675160444,0.7762709791734831
0.1,0.4523991231532311,0.4117647058823529,0.2631578947368421,0.9046678675160444,0.7762709791734831
0.2,0.4582837554593288,0.4117647058823529,0.2857142857142857,0.9076243217940612,0.779989378129388
0.3,0.4810347573291902,0.44,0.3090909090909091,0.9184901039853894,0.7950172130658596
0.4,0.5081723314099591,0.4693877551020408,0.3333333333333333,0.9303118256458788,0.811723966944417
0.5,0.5357919966309346,0.5,0.3584905660377358,0.9407141207676204,0.8275277259530427
0.6,0.5559141347464499,0.5319148936170213,0.3846153846153846,0.9466913563136434,0.8376229591349607
0.7,0.5525182537849591,0.5319148936170213,0.3846153846153846,0.9457437685667996,0.8356132489688154
0.8,0.5391382222058828,0.5,0.3584905660377358,0.9412517120792712,0.8284140240850872
0.9,0.5283045086851315,0.5,0.3584905660377358,0.9373693417892296,0.8223488108015151
1.0,0.5245425517734322,0.5,0.3584905660377358,0.935773041441903,0.8201831241417099
1.1,0.5281851601415308,0.5,0.3584905660377358,0.937181919978607,0.8225189500350153
1.2,0.5206455926672051,0.5,0.3333333333333333,0.934458632016592,0.8182871575012642
1.3,0.5144987073700532,0.5,0.3333333333333333,0.9321505422257284,0.814756392767887
1.4,0.5093333974191323,0.4693877551020408,0.3333333333333333,0.9301743325925866,0.8117818898045012
1.5,0.5049950558015637,0.4693877551020408,0.3333333333333333,0.928461476326997,0.809224773971872
1.8,0.4952810410506976,0.4693877551020408,0.3090909090909091,0.9244641382072668,0.8033636863218921
2.1,0.4883494811484045,0.4693877551020408,0.3090909090909091,0.9216114017973074,0.7992774815796755
2.4,0.4833921273016333,0.44,0.3090909090909091,0.919470487716965,0.7962473706300488
2.7,0.4794956456570921,0.44,0.3090909090909091,0.9178079805859096,0.7939180813370228
3.0,0.4765815317441866,0.44,0.3090909090909091,0.9164788232222172,0.7920739884033483
